ID,Answer
0,長劍
1,諸羅縣志》
2,袁晁率起義軍
3,柏林陸軍學院
4,長盤勝負
5,孫銘武
6,1874年
7,西漢的版圖向西擴張
8,英國
9,醜化對方
10,周星馳
11,秀吉
12,高架路線
13,預測
14,2004年
15,硫化氫
16,
17,外面的部份溫度會比內部核心的低。主序星或巨星的核心溫度至少有107克耳文，這樣的溫度在主序列恆星的核心要燃燒氫進行核融合反應是綽綽有餘的，並且能產生足夠的能量防止恆星進一部的崩潰
18,經濟
19,7920公里/小時
20,愛爾蘭語
21,荷蘭
22,硫化物
23,塞爾維亞反對黨
24,1861年
25,拜占庭外交
26,拉丁文[UNK]
27,猶太基督徒所寫，也就是在羅馬帝國統治下基督的猶太門徒。寫下路加福音和使徒行傳的路加，則經常被認為是例外。一些學者認為路加是希臘人
28,1964年
29,黑客
30,文化大革命
31,《名人傳》
32,灣仔
33,俗雲萬里石塘
34,一種無限制的、自私、而野蠻的競爭情況
35,1964年
36,新北市
37,小白宮
38,中華人民共和國集會遊行示威法》
39,南人
40,南宋
41,全國的科學家
42,46億年
43,1070年
44,社會保障法規
45,第一教學樓
46,1929年
47,航天技術
48,1932年
49,大型購物中心[UNK]開幕
50,嘉靖帝
51,工學部第一教學樓。該樓為尚未與武漢大學合併之前的武漢水利電力大學
52,1960年代
53,亞歷山大一世被刺殺
54,米利都
55,基督教
56,預覽阿爾法版本
57,100萬
58,新北市
59,愛心聖誕大行動，為孤苦無依者提供支援，使他們能夠渡過充滿愛心的聖誕節。《南華早報》在2010年4月13日的頭版報導中共中央總書記胡錦濤訪美國
60,路易十六
61,中國國民黨
62,中生代侏羅紀
63,阿拉貢國王卡洛斯三世
64,熱帶雨林氣候
65,完全擺脫漢朝的控制
66,南京
67,民國
68,前蘇聯[UNK]-15戰鬥機
69,弘治十二年
70,中國
71,1994年
72,英國
73,氦
74,
75,交通運輸部
76,大韓生命保險公司大樓
77,朱少文
78,羽柴秀吉
79,俾斯麥
80,金泳三
81,1958年
82,靈魂
83,科龍港
84,蓋爾人
85,四次重差觀測術
86,西漢元封二年
87,隋滅南陳
88,佛教
89,1861年
90,豐臣秀吉
91,三吳地區
92,英國
93,全國人大
94,武漢水利電力大學
95,蘇利南
96,1934年
97,檸檬酸咖啡因療法
98,1876年
99,1949年
100,大象
101,1915年
102,1600年
103,惡性腫瘤
104,美國
105,高盧帝國收復，高盧帝國的皇帝泰特里庫斯一世及其子二世心向羅馬，期望重回帝國的懷抱，在一夜的密談中泰特里庫斯的軍隊投降，奧勒良重新把三分的羅馬帝國
106,仁祖與王世子李[UNK]
107,十個
108,佛學論書
109,北海道大學
110,歐登堡
111,三天
112,1944年
113,安娜·德·薩伏伊皇后
114,咸豐帝
115,哈林河
116,孟加拉
117,德國達姆斯特音樂節
118,中原
119,荷蘭語
120,威廉·洛厄爾·普特南
121,秘書長
122,坦尚尼亞
123,
124,陽原王
125,未標準化
126,瑞派克路
127,1939年
128,害怕德軍在東線戰線上沒有足夠兵力應付俄國。故此
129,福建林家
130,用來運貨
131,民主黨
132,西人黨
133,2013年
134,臺北
135,查莫洛人
136,杭縣
137,蘇聯國旗
138,蘇黎世協定
139,1939年
140,高速攝影
141,點石齋畫報
142,南越地區
143,1988年
144,上吊方式
145,喬治麥高文
146,張仲景
147,《布告各省公啟
148,阿拉里克
149,德蘇戰爭
150,髒層
151,工業國家
152,1955年
153,就業保障制度
154,清光緒十七年
155,[UNK]
156,國共內戰戰況失利
157,六個月
158,乙醚
159,唐太宗
160,卡爾梅克人
161,1969年初，劉少奇患重病，由中南海特派的搶救組予以搶救。1969年10月17日
162,63位
163,天主教阿爾巴諾羅馬城郊教區主教
164,古希臘時代
165,[UNK]
166,填海
167,日軍
168,農業
169,[UNK]
170,9月4日
171,1999年
172,《天淨沙》
173,近年
174,公元68年
175,南越國，中山屬南越國
176,幾何學
177,岑智明
178,普法戰爭
179,公元前362年
180,強力政府
181,28歲
182,2000年10月
183,保加利亞
184,便利使用
185,10度
186,日本社會黨
187,亞非
188,波士頓
189,1992年
190,網球
191,後箱館裁判所
192,明朝
193,文藝復興
194,2000年
195,2012年
196,考古發現
197,德兩國海軍
198,森林
199,阿森納女子足球俱樂部
200,多黨制
201,美食天堂
202,1920年
203,美元
204,多倫多
205,在軌道上驅動列車
206,彌爾
207,反貪污特警隊綠色行動專項打擊軍隊走私。但由於美軍在全球都駐有基地和部隊並且軍隊管理制度和人員素質問題國際毒品走私事件也頻有發生，以在韓國為例，在2012年上半年韓國海關
208,艾瑪·史東
209,在時域上數學形式為連續函式
210,傳播到日本
211,國王
212,威尼斯影展
213,真空帶
214,新北市
215,聯盟
216,甲午戰爭
217,克孜勒
218,主持一線工作
219,好在歷史是人民寫的
220,美觀
221,中部科學園區
222,西部地區
223,1982年
224,1449年
225,漢人君主
226,多瑙河
227,國立廣東大學
228,發明家
229,2006年
230,沒有
231,《人體器官移植條例》
232,南宋
233,1624年，原佔領澎湖的荷蘭人和明軍簽約，放棄其在澎湖的經營，轉而登陸臺灣南部，屬於荷蘭東印度公司的荷蘭人首先在「北汕尾」建立簡易的商館，同年，於「一[UNK][UNK]」築起了「熱蘭遮城」，以此作為統治中心，為增加米、糖等農作物產量
234,三倍
235,質量大於0.4太陽質量
236,颱風
237,2014年
238,1968年
239,30個
240,第一所美式大學
241,鋁土礦
242,現代化建築
243,阿美族
244,黑死病
245,2013年
246,赫爾伯特·查普曼
247,據傳在與比提尼亞國王的性行為中處於被動地位
248,2001年
249,洛杉磯湖人
250,溥[UNK]
251,副主席
252,發球權
253,廣東省政府委員會
254,韓國遊戲
255,1951年
256,漢語拼音方案
257,1984年
258,天橋上的車站
259,下薩克森邦
260,法蘭西第二帝國
261,商業方面不是很特出，商業及人均[UNK]都不如東南亞的大城市，所以此時南洋的福建人平均的投資在上海及香港，在香港的主要是廣東廣府人和廣東閩人
262,全勝紀錄
263,夜間攔截任務
264,木衛三
265,濃度低
266,袁世凱
267,明朝
268,1848年
269,1979年
270,1997年10月簽署《經濟、社會、文化權利國際公約》以及在1998年
271,大韓民國
272,《南華早報》
273,
274,佛像
275,阿聯
276,交通基建
277,紅軍
278,田川氏
279,以天狼星在東方地平線的出現
280,起搏細胞
281,1985年
282,德語地區
283,女神大橋
284,1237年
285,東羅馬
286,安帝
287,奧地利
288,美國律師協會
289,1658年
290,清代
291,廣開土大王
292,胡安·林茲
293,日本
294,1998年1月1日
295,徑向速度
296,孟懷玉
297,鈣離子
298,383年
299,羅納爾迪尼奧
300,慕容垂
301,火山活動
302,利奧三世
303,拉丁字母亦成為了南島語系諸語的書寫系統：過往在馬來群島上各種語言都是使用阿拉伯字母或其各自從婆羅米文字演變而來的字母，到這時都轉用了拉丁字母
304,要提升飛機的飛行安全，降低因為鋼纜或者是滑輪等裝置失效導致失去控制的問題，對大型飛機相隔距離很遠的控制面也可以提高反應與效率，此外，還能夠減少重量與這些裝備使用的空間
305,丁基羥基甲苯
306,中緬大戰
307,斯德哥爾摩
308,中生代侏羅紀
309,中華民國
310,高麗時期
311,靳雲鵬
312,1958年
313,南極條約協商會議
314,1083種
315,曹魏故都智慧之旅
316,威廉港的貨櫃碼頭亞德港
317,布爾什維克革命
318,民主黨
319,彌爾
320,鉀離子通道
321,1928年
322,期貨合約
323,十多個
324,300美元
325,米勒
326,大力發展體育事業
327,元世祖
328,燃油混合動力電動自行車
329,數學
330,亞熱帶季風氣候
331,世界衛生組織做出的世界平均自殺率
332,輔音的發音中，阻塞維持的時間
333,朱一貴
334,愛爾蘭語
335,發球失誤
336,銃炮
337,1959年
338,1980年代
339,凱·艾維州長
340,[UNK]人國
341,1980年
342,希伯來文
343,第一心音
344,2010年
345,武漢
346,1868年
347,托土拉島
348,美國
349,倫敦大學
350,1888年
351,岡仁波齊
352,1972年
353,突厥
354,三菱重工業長崎造船廠
355,小協約國
356,民主制度的恢復
357,硫礦
358,與丹尼索瓦人混血
359,忽必烈
360,中國
361,2003年
362,捲曲數圈呈蝸牛狀
363,波蘭
364,1954年
365,韓國
366,
367,1955年
368,史都華中校
369,1910年
370,長安
371,屠殺掉花剌子模的40個城鎮
372,1958年
373,1928年
374,地球優先
375,巴爾的摩
376,中華民國政府
377,社團部
378,違反了一次
379,電子郵件
380,孔子
381,上海楊浦區大連路的地鐵站2號口
382,2005年
383,中國官員承認中國器官移植手術所使用的人體器官大部分來源於被判處死刑犯人的自願捐助
384,焦爾達諾·布魯諾
385,50
386,雙循環泵功能
387,1809年
388,日本國內市場狹小而無法發展
389,民國32年
390,先使用大量優勢兵力向西擊敗法國然後再掉頭往東對付俄國
391,人文角度看，下薩克森邦幅員遼闊
392,伯克制
393,接近音速時的上限
394,國家起源說
395,路易·巴斯德
396,中部科學園區
397,宣統三年九月十九日
398,1991年
399,《三國史記》
400,第二次工業革命
401,突厥語
402,哈納高速公路蜿蜒於茂宜島東海岸，途中有多個驚險的彎路，也經過多個黑沙灘以及瀑布。哈雷阿卡拉國家公園
403,坎貝爾式
404,8小時
405,樂壇女王
406,民國16年
407,國立廣東大學
408,亞伯拉罕諸教
409,六億七千多萬美金
410,妖怪
411,專家
412,中文
413,氧
414,同名異物、同物異名
415,阿爾泰語系
416,清太宗
417,信陽
418,1000多年
419,准將
420,質量
421,預測
422,媽祖
423,鮑德溫伯爵
424,批鬥會
425,15米
426,蘇丹
427,雲騎尉
428,好
429,2005年9月
430,太陽
431,那拉氏
432,辛酉政變
433,具有耐腐蝕性
434,統一企業
435,2013年1月1日
436,生物學研究
437,陳誠
438,孫中山
439,與德國單獨媾和
440,進出口貿易
441,中原大戰
442,1978年
443,天皇
444,680.48
445,複合
446,嘉義市
447,經濟作物
448,肺呼氣機制
449,五角星
450,潘諾尼亞
451,航海工業
452,埃姆斯蘭高速公路
453,油電混合動力車
454,
455,1919年
456,聖弗朗西斯科格林大街202號的實驗室里，首次使用影像解剖攝影管傳送了第一個圖像：一條簡單的直線
457,北京路
458,盟旗制
459,臺南州
460,腓力二世
461,南緯30度
462,一次大戰期間
463,
464,中華人民共和國
465,保守派
466,[UNK]++
467,《全唐詩》
468,1912年
469,1982年
470,七年
471,荷蘭共和國
472,貝爾實驗室
473,梁朝偉
474,吳三連
475,1918年
476,米勒
477,1月8日
478,掃雷艇部隊
479,元朝
480,多黨制
481,民國3年
482,1988年
483,波你尼所定義的梵語是從更早
484,東晉時期
485,線傳飛控
486,光明星4號」衛星後，宣布全面中斷韓朝僅存的經濟合作項目開城工業園區
487,烏孜別克人
488,2555公里
489,國共戰爭
490,[UNK][UNK]
491,茲維亞德·加姆薩胡爾季阿
492,總長度一般不大於100米，以避免造成路口交通不暢
493,魚雷
494,荀子
495,明朝
496,1935年
497,雙北合作交流平台
498,將傳統的靜穩定推向靜不穩定設計
499,中國政法大學
500,瓜拿納
501,二戰時期
502,水冰
503,古代
504,民國4年12月25日
505,文森特
506,1972年
507,社會主義最終實現共產主義
508,貝爾根
509,太白
510,朱棣
511,十億韓國」戰略
512,低稅賦
513,小選舉區制
514,
515,抗議活動
516,自由放任
517,綠色工業
518,四年
519,段祺瑞
520,民主黨
521,永和、新店居民
522,1925年
523,
524,向海
525,5.7
526,後座雷達官
527,2002年
528,天然氣
529,軍事冒險主義
530,學習維基媒體的頁面編輯工具被認為有挑戰性。一項關於學生使用基於維基媒體的維基的分配情況的調查發現，當被問及維基的主要問題的開放性問題時，24%提到了技術問題和格式，如「無法弄清楚如何加入圖像
531,周恩來逝世後整理遺產
532,兩性的分化，在同一個生物體中可能同時有雄性及雌性的生殖器官
533,經濟建設
534,《實業部組織法》
535,鮮蝦腸粉
536,愛國教育
537,帕吉勒提河
538,西南美麗的地方
539,天」的至高無上
540,開羅
541,1932年
542,香港
543,1955年
544,多倫多運輸局
545,古羅馬共和時期的元老院的榮譽職銜，後經屋大維所創建的元首制度中，該職銜即是歷史俗稱羅馬皇帝的正式稱呼。公元前一世紀
546,柵欄
547,1910年
548,法國民意
549,保羅•狄拉克
550,唐太宗
551,健康寫實電影
552,1956年7月
553,
554,中生代
555,伊爾庫茨克國立大學
556,鐵木真
557,23406人，女性為9347人
558,1789年
559,兩個
560,臺灣省臺北市
561,大韓民國成立後
562,金正恩
563,馬[UNK]
564,總兵官
565,《金驢記》
566,哈大客運專線
567,漢風魏韻
568,
569,反文化運動
570,英國
571,李白
572,轟炸機
573,夜間攔截任務
574,義大利
575,中世紀的漢撒同盟時代
576,大腦聽皮層
577,刺史
578,18個
579,至元二十九年
580,自由派
581,中亞
582,陶瓷
583,1980年代
584,俄國
585,密西西比文化農業
586,1918年
587,運河舊道
588,9年
589,玫瑰盃[UNK]
590,1941年2月1日
591,101公里
592,國務院常務會議
593,公元前362年，戰國時代齊國天文學家甘德已發現了木衛三，比伽利略的發現早近20個世紀
594,喬治亞共和國
595,1943年
596,逃離家園者
597,足式臀位
598,聯邦制
599,韓國
600,民權運動
601,希臘軍事獨裁者
602,瀕危物種
603,越戰
604,公民權
605,電力取暖
606,極端大陸性氣候
607,永康方巖
608,1928年
609,衛星電視是通過接收人造衛星轉播過來的電視訊號節目的電視廣播方式。衛星電視的傳輸過程一般為：通過衛星將地面基站發射的微波訊號遠距離傳輸，最終用戶使用定向天線
610,霍布斯
611,1897年
612,中山盛產海鹽
613,中國人民銀行籌備處
614,市場分析
615,滬寧鐵路上海站
616,2006年
617,家庭喜劇片
618,
619,
620,反對建文帝削藩
621,
622,史彌遠
623,自由民主黨
624,傳播色情
625,電穿孔細胞
626,哈大客運專線
627,第五區
628,最古老的活躍軍事單位
629,1982年
630,漢武帝
631,忠清南道
632,譴責外蒙古企圖分裂中華民國
633,教皇駐地
634,西方文明開始衝擊朝鮮半島
635,東晉常[UNK]
636,1936年
637,預言
638,星空觀測
639,五桂山
640,竹[UNK]魚
641,嘉義市
642,
643,29個
644,民國29年
645,10月23日
646,人傳》
647,元音
648,第二次世界大戰
649,5000噸級
650,君士坦丁堡
651,2015年年底前
652,古漢語文言文
653,22年
654,阿列克修斯三世
655,尼安三世
656,南方超大陸岡瓦那大陸
657,1937年
658,1964年
659,高麗
660,油氣開發
661,外太空
662,明孝宗
663,新興世界
664,第一區
665,1925年
666,照射紫外線
667,九一八事變
668,春秋
669,對大自然的崇拜
670,閩江口
671,1899年
672,牟定縣
673,尼布楚條約
674,中央窩
675,利奧三世
676,殖民主義
677,奧德
678,6萬平方千米
679,80公尺
680,人民勞動的積極性
681,麥克萊倫
682,赤城鎮政府街1號
683,內層的漿膜心包和外層的纖維心包
684,羅非魚
685,潘普洛納
686,法國阿爾卑斯山礦泉
687,1848年
688,諸羅縣志
689,杜林
690,第265
691,每局比賽前
692,民國41年
693,德國財政局
694,傑伊條約
695,超新星
696,全斗煥
697,2007年
698,玫瑰盃[UNK]
699,索馬利亞政府司法系統
700,382年
701,軍隊編制問題
702,劉銘傳
703,韓國
704,過境時
705,何韻詩
706,1923年
707,畢達哥拉斯
708,2009年
709,湘西土家族苗族自治州
710,袁術
711,
712,東晉
713,金礪
714,22條
715,公共健康與醫學領域
716,《新基本法令》
717,1962年
718,洪武三十一年
719,越南
720,奧匈帝國
721,藍帳汗國
722,白矮星
723,咖啡因
724,司馬元顯
725,階梯狀
726,漳州人
727,6個小時
728,1866年
729,憲法
730,郭沫若
731,90年代
732,金日成
733,第一
734,威廉·莫里斯
735,西班牙瓦倫西亞
736,1787年
737,朱元璋
738,復仇
739,1898年
740,守舊派
741,蘇聯
742,端敬王后
743,中生代
744,史達林任命約瑟普•布羅茲•狄托
745,中國共產黨
746,修改國會選區
747,抑制人口增加而實行的計劃生育
748,蘇聯
749,內閣
750,維多利中心
751,主序帶上恆星
752,嚇阻鳥群
753,華人富有、加上不少華人傾向中共，各國為推行反共政策
754,2.7％
755,日本
756,分子雲
757,鮮卑部落
758,鮑德溫伯爵
759,1918年
760,1939年
761,第二團團長
762,巴黎條約
763,1970年
764,威斯康辛大學麥迪遜分校
765,乾燥
766,麻赫穆德·喀什噶里
767,
768,資格賽
769,
770,民國16年
771,13世紀
772,文憲王
773,周恩來
774,馬略
775,至元十三年
776,妖怪
777,1970年代
778,圖西族
779,聖餐持紀念說
780,空腹死刑
781,《三國史記》
782,地心說
783,長沙太守
784,平衡溫度
785,2002年
786,上海
787,保羅·卡加梅
788,濃硫酸
789,
790,兄弟國的盟約
791,2011年
792,硫礦
793,1681年
794,義大利
795,江南社會
796,卡拉恰伊湖被世界觀察研究所定為地球上「污染之最」，在二十世紀五十到六十年代成為蘇聯垃圾場。第二個地點為俄羅斯車里雅賓斯克
797,
798,東羅馬帝國
799,南京
800,共和黨
801,日本
802,二戰的爆發
803,1976年
804,上海
805,1949年
806,麻省理工學院
807,婚姻制度由群婚轉向對偶婚，形成了比較確定的夫妻關係
808,1946年
809,礦產資源
810,1449年
811,1986年
812,隆武帝
813,
814,孫叔敖
815,《哈比人歷險記》和《魔戒》中的事件在敘事和風格上都有與之相似之處，其總體的意象據說對托爾金
816,雙汗制
817,23年
818,民權運動
819,中華全國體育協進會
820,外在的因素造成光度的變化，像是食雙星，還有極端的情形是由恆星自轉
821,武狀元蘇乞兒》、《唐伯虎點秋香》等都是以全新角度演繹一些民間傳說人物，不再滿足於一味迎合觀眾的需求
822,1956年
823,《產假和保護婦女兒童權利法》
824,為菲律賓富商工作的工資遠高於在港工作
825,太平洋艦隊
826,夫餘國
827,人民頻繁的遷移
828,四世紀
829,地面頻道干擾
830,民主制度失敗的教訓，國民議會是法國的最高權力
831,美國
832,1979年
833,隋朝
834,寧都會議
835,捷運機場線等國際工程實施
836,太陽
837,1940年
838,妖怪學
839,1987年
840,[UNK][UNK]
841,
842,漢卿
843,張學良
844,陳平順
845,主序帶
846,厄德
847,高架路線
848,2007年
849,外蒙古等五國申請加入聯合國
850,青銅時代
851,天皇
852,朝鮮白頭山
853,德國人
854,2014年
855,羅馬帝國
856,恆星的形成從分子雲內部的重力不穩定開始，通常是因為超新星的沖激波觸發或兩個星系的碰撞。一但某個區域的密度達到或滿足金斯不穩定性的標準，它就會因為自身的重力
857,希臘人
858,生物演化
859,1988年
860,韓國
861,朱載[UNK]
862,愛國
863,法文老師
864,阿瓦魯阿
865,廉興
866,基因特質
867,印地語
868,教宗
869,康熙帝
870,土地起伏大
871,第二產程
872,民國43年
873,地質類學科專業
874,中國科學技術大學化學係主任
875,茶鹼
876,倫提尼安一世
877,2000年6月
878,電氣化鐵路
879,美西戰爭
880,尊漢思想
881,蒂羅爾
882,
883,風景區外圍及重要公路
884,1910年革命
885,鎬京
886,人生觀念
887,杜慧度
888,憲政改革
889,英國
890,斯塔福德郡
891,義熙十四年
892,劉少奇
893,2002年
894,小學
895,難以運用科學方法證明其真偽
896,東德使館
897,冷戰時期
898,1989年
899,核心
900,顯微注射
901,馬可波羅
902,新羅馬
903,上海鐵路局
904,離岸人民幣
905,《倫敦條約》
906,第四次迦太基大會
907,自主選擇權
908,燃燒燃料的速度
909,加拿大軍事基地
910,120
911,1950年代
912,文藝復興運動
913,行為不檢點
914,文藝復興式
915,楚州人
916,1590年
917,1989年
918,埃姆斯蘭到博特羅普
919,民主德國廣播電台是自1952年到德國統一期間東德的官方廣播電台。東德官方的對外廣播電台是柏林國際廣播電台
920,望遠鏡
921,古埃及
922,由魯斯蒂謙記錄的《馬可·波羅遊記》中描繪出元朝中國的繁華景象
923,媒體維基」的戲稱，維基百科貢獻者丹尼爾·邁耶
924,
925,2000年
926,67個
927,1月21日
928,18世紀中期，盧安達王國開始統治這片土地，圖西族國王征服了其他民族，集中權力，後來還制定了反胡圖族的政策。1884年
929,礦產資源
930,大慶油田
931,私立大學
932,歐登堡的邦立圖書館
933,早期韓國華僑的聚集所在
934,李[UNK]
935,林紹良
936,汪大淵
937,英語
938,[UNK]稻
939,宋真宗
940,4500
941,美國聯邦調查局
942,9月
943,由於其副汗或小汗多帶有伊利的的稱號
944,經元善
945,路易十四
946,韓國
947,25[UNK]35天
948,閩南人
949,民國28年
950,聶耳
951,公共汽車
952,精子
953,石排灣
954,正教
955,八角鼓
956,歐洲鋼鐵產量會下降
957,紀念基金
958,1642年
959,徐載弼
960,蒙哥
961,德魯修斯
962,芝加哥大學
963,船業
964,減低阻力
965,紐格威森林
966,2014年
967,拿破崙
968,戴克里先
969,166年
970,科學
971,市場經濟
972,1963年
973,亞歷山大六世
974,1919年
975,天安門廣場集會
976,2001年8月15日
977,1958年底
978,繼承西晉，為州、郡、縣三級制。雖然各國佔地不大，但往往分置許多州，以致州境縮小。並且將自己沒有統治的州郡也常常在境內設置，例如前趙將幽州設在北地郡，後秦將冀州設在蒲板，南燕將徐州設在莒縣等。由於一些國家採胡漢分治的制度
979,涵元門
980,太白
981,漢文
982,12次
983,科學社會學
984,1138公頃
985,《中華人民共和國村民委員會組織法》
986,荷蘭
987,聯合國專家
988,影帝最佳男主角寶座
989,內陸地區
990,國大黨
991,白[UNK]紀滅絕事件
992,毒品
993,物種形成
994,1252年
995,元朝
996,1932年
997,1972年
998,新式鐵製蒸汽船
999,文森特
1000,環境保護主義
1001,邦聯政府在該條例約制下運作，國會因其無效率而於1787年召開大陸會議。各州除羅德島外都同意委派代表與會。國會結構是大陸會議所面對之意見分裂的議題之一。詹姆士·麥迪遜
1002,1946年
1003,
1004,基本食物
1005,1991年
1006,
1007,天狼星
1008,修道主義
1009,1999年
1010,亞歷山大漢密爾頓
1011,中國
1012,1960年
1013,
1014,紐約尼克
1015,預付的模式。雖然這個詞並沒有很好的描述了集郵人士的特性，但是並沒有妨礙它走進各種字母文字。現在郵票已成為世界一大熱門收藏品。起初人們只是為了裝飾
1016,合肥
1017,100萬到1兆
1018,第二代
1019,匈奴
1020,17日
1021,五等爵制
1022,工程化核酸酶
1023,伊薩克二世
1024,統帥
1025,外部刺激
1026,艾森豪
1027,臺灣本身財政負擔
1028,武漢行營副主任
1029,躲避戰亂
1030,
1031,1985
1032,狄拉克
1033,落實外交政策
1034,1823年
1035,輔音
1036,寧都會議
1037,舊石器時代晚期
1038,166年
1039,荀子
1040,集團軍
1041,西南師範大學的前身川東師範學堂、西南政法大學的前身重慶公立法政專門學校
1042,妨礙了公民的知情權
1043,愷撒
1044,朝鮮語
1045,倫敦霍洛威
1046,佛教
1047,烏爾蘇拉
1048,1980
1049,河岸
1050,儘快統一
1051,挪威
1052,越戰
1053,蒙羞
1054,南華縣
1055,英國
1056,漢族
1057,路面電車
1058,四帝共治制
1059,1060公釐
1060,1939年
1061,唐軍
1062,荊州劉表
1063,慶元
1064,軍事委員會北平分會副委員長
1065,英美法系
1066,石油危機
1067,秦朝與漢朝
1068,奧斯陸峽灣
1069,1920年
1070,硫代硫酸氨
1071,《金雲翹傳》
1072,480萬人
1073,
1074,1627年
1075,環境污染
1076,美屬維京群島
1077,唐生智
1078,夏季
1079,臺灣新北地方法院
1080,戴克里先
1081,6世紀
1082,
1083,甘肅省
1084,決勝局
1085,
1086,耶穌會
1087,一個
1088,破四舊
1089,三次
1090,蒙古各部，為了獲得大寧地區的駐牧權
1091,《八篇書》
1092,郭松齡
1093,毒性
1094,雲南省第二殖邊督辦公署
1095,明清兩朝
1096,1968年
1097,反潛
1098,1932年
1099,吉田定房
1100,世稱恭順
1101,河川
1102,抗日戰爭
1103,募兵制代替徵兵制。馬略放棄了早就難以為繼的財產資格限制
1104,劉宋
1105,汗位取得不合法
1106,奧東·德拉羅什
1107,灣仔北
1108,帕塔普斯科河
1109,1945年
1110,義熙十一年
1111,政府資助研究項目
1112,赫爾辛基
1113,《男人四十》
1114,貴霜帝國
1115,1846年
1116,辛亥革命
1117,邱行湘
1118,合會朱陸
1119,幾個
1120,阿拉伯半島
1121,塞爾維亞
1122,加州尤巴城
1123,君主
1124,天下人
1125,蒙聯軍
1126,電腦與人工智慧實驗室及鐵路技術部還研發了一些早期的電子遊戲，並創造了現代黑客
1127,朱序
1128,匯率波動
1129,政府工作報告
1130,1992年兩國建交以後
1131,康拉德·阿登納
1132,東北亞的倭國、百濟則有密切的朝貢關係，倭國曾在晉末、劉宋對江東朝貢十多次，史書記載有五位倭王，是為倭五王；百濟在劉宋後期與江東的關係更形緊密，似乎結成軍事同盟，共抗北魏。因為469年北魏完全奪取劉宋在山東半島
1133,聖奧古斯丁
1134,公元185年
1135,弱勢群體
1136,大正天皇
1137,西區圖書館
1138,中國歷代
1139,義輝
1140,美國總統選舉
1141,中華人民共和國衛生部
1142,人人平等
1143,斯拉夫人
1144,第4
1145,聯邦制
1146,1799年
1147,西班牙
1148,瑞士蘇黎世州
1149,洪武三十一年十二月
1150,英國
1151,76
1152,民國36年
1153,
1154,分散了泛國民黨支持者的票源
1155,2
1156,拋秧
1157,七個
1158,劉少奇
1159,卡加梅
1160,12個
1161,羅馬轉寫
1162,2010年
1163,財務分析工具
1164,自然
1165,美國海軍
1166,德川家康
1167,空射火箭
1168,1836年
1169,農業省敘利亞
1170,上海
1171,德里克·羅勃茲
1172,伊斯蘭教
1173,環保運動
1174,希察克爾夏季音樂節
1175,滬昆高速公路
1176,繼續懷孕會有危險時
1177,法國
1178,歐幾里得
1179,本頓
1180,通州張家灣
1181,儒家思想
1182,《血盟救國軍軍歌》
1183,廣州
1184,聽診器
1185,在印度支那和新喀里多尼亞建立了法國殖民地
1186,唯泰主義
1187,1970年代浙江河姆渡遺址的七千年前稻穀的出土、1993年
1188,兩岸經濟合作架構協議
1189,也先親自統領的中路軍
1190,自由主義
1191,1874年
1192,衝動
1193,什錦麵和皿烏龍麵
1194,李克強
1195,河東道
1196,[UNK]++
1197,希波丹姆
1198,熱帶稀樹草原
1199,韓國
1200,太原組織
1201,63個
1202,46公里長
1203,十六世紀
1204,佛羅倫斯聖十字大殿
1205,公元前779年
1206,吉隆坡
1207,1891年
1208,軍事防衛
1209,發展局
1210,大氣層
1211,北京電視台
1212,[UNK]州縣實際解散
1213,十月革命
1214,英國
1215,美國大學協會
1216,義務教育
1217,郭松齡反奉。郭素稱東北軍第一猛將，率領7萬人直取奉天，張作霖猝不及防，準備撤守。據奉軍軍團長王鐵漢
1218,開京
1219,美國大蕭條時期
1220,解決元成宗時期的財政危機
1221,伊薩克
1222,明文
1223,蔣介石
1224,全印穆斯林聯盟
1225,受通古斯人壓力
1226,喇嘛教
1227,鎌倉時代
1228,太陽而言，受到太陽風擴張影響所及的氣泡狀範圍
1229,建設中國特色社會主義
1230,劉裕
1231,基督教會或大公教會一詞可追溯至公元第二世紀的基督徒對基督教組織的習慣稱呼。教會一詞在這兒來說，和基督教會是相同的意思，但教會一詞的意思比較廣泛。在傳統基督教
1232,鮑德溫伯爵
1233,佛教
1234,周代
1235,東正教
1236,高雄市
1237,鄧小平
1238,南斯拉夫
1239,武陵
1240,殺蟲
1241,法國大革命
1242,自由韓國黨
1243,否決權
1244,二十世紀
1245,積極進攻
1246,加拿大
1247,1898年
1248,義大利汽車之都
1249,火箭發動機
1250,自律心肌細胞
1251,在軌道上驅動列車
1252,聖喬治拉丁文學校
1253,23年
1254,1948年12月1日
1255,武宗系
1256,私兵制度。私兵制度
1257,魏博拉盧比民達行業工會
1258,文章奧府
1259,繁衍後代所需基因物質產生的方式
1260,尚吉巴
1261,瓊州海峽
1262,安德魯約翰遜
1263,普林斯頓大學
1264,83年
1265,釣魚台國賓館
1266,伊達政宗
1267,解釋恆星內部和恆星演化的模型被成功的發展出來
1268,民國3年
1269,美國聯邦儲備委員會及紐約金融服務局
1270,潘章
1271,約翰·莫根
1272,臺灣
1273,第二代
1274,日美神奈川條約
1275,北京市西城區宣武門西大街131號辦公樓召開最後一屆全體機關幹部大會，宣布留任國家郵政局的具體人選；11月28日，重組後的國家郵政局
1276,無晶態的硫，倫琴衍射顯示其中含有由八個硫原子組成的環。這種硫在室溫下不十分穩定，它漸漸恢復為晶體狀態
1277,哈利里德
1278,低可偵測性
1279,柏拉圖
1280,波蘭人
1281,千島湖事件
1282,英祖四年
1283,改良式腳踏車
1284,京劇
1285,二人
1286,1830年
1287,全球資訊網
1288,八月
1289,閾下刺激物
1290,廣州話
1291,洛杉磯湖人
1292,粳稻
1293,挪威
1294,700多個配置設定和超過1800個
1295,中國郵政集團公司
1296,清朝沒有誠意
1297,我們就是人民！」轉變成以德國統一為目標的「我們是一個民族！
1298,古希臘人
1299,福島縣會津地區
1300,1913年
1301,土地
1302,士瓦本
1303,洛杉磯快艇
1304,精神上的缺憾使他無法繼續執政，或是腓力五世希望繼承法國國王王位所以先行退位。但是不幸地路易斯一世只在位7個月便於當年8月31日，因天花病
1305,牡丹峰樂團
1306,印度
1307,歐登堡
1308,周敦頤
1309,沃爾普斯韋德
1310,朱利烏斯·凱撒
1311,豫
1312,1919年3月1日
1313,1.33
1314,文言文
1315,排灣族
1316,牛津大學
1317,普選制度
1318,世宗
1319,2015年
1320,1969年
1321,民主黨
1322,收割機
1323,校園風氣
1324,479年宋齊易代之後，北魏還曾在488年
1325,病態賭徒
1326,
1327,太空
1328,黃庭堅的曾祖父黃中理曾開辦櫻桃書院和芝台書院。延引四方學子，宋郊、宋祁兄弟和黃庭堅等曾就學於此。宋代理學家周敦頤
1329,雅爾達協定》
1330,荷蘭
1331,1905年
1332,馬來西亞
1333,鐵
1334,拿破崙
1335,廣東省
1336,[UNK]
1337,羅馬法
1338,心理學
1339,希臘
1340,拉丁字母
1341,《[UNK][UNK]條約》和《北京條約》
1342,平民英雄
1343,雙重國籍
1344,24英吋克拉克望遠鏡
1345,生物質
1346,秘書處
1347,稻草編織出的工藝產品，也相當常見，如草蓆，草帽等。在稻田中最常見的還有戴著帽子，用來嚇阻鳥群的稻草人，是早期農村相當常見的景觀。稻草在現今大力發展的食用菌
1348,800餘種
1349,
1350,緬甸
1351,視錐細胞
1352,人口眾多
1353,威廉二世
1354,遵義會議
1355,《我於青春無悔》
1356,君士坦丁大帝
1357,美國國家草地網球聯盟
1358,8月26日
1359,阿爾法
1360,
1361,外交手段
1362,1887年
1363,2008年
1364,畢達哥拉斯
1365,2010年
1366,1918年
1367,[UNK]分數
1368,魯宗之
1369,被明朝擊退
1370,大韓帝國
1371,2012年
1372,生物動力學
1373,印度洋暖濕氣流
1374,太白山脈
1375,尊重日本對朝鮮
1376,控制面
1377,民國十八年至二十六年
1378,太白山脈
1379,一萬兌一比率
1380,10名
1381,整軍協定
1382,1996年
1383,1985年
1384,18世紀
1385,顯示自己的獨立自主
1386,公元前三世紀
1387,車站
1388,1971年
1389,1997年
1390,默頓學院
1391,庭園營造大師
1392,稻米
1393,1914年
1394,廣島市越來越受國際注視，有關和平、社會議題的國際性會議，也會在此召開
1395,2300多種
1396,化石燃料
1397,主流華裔港人
1398,40倍
1399,1953年
1400,白色
1401,1856年
1402,庄[UNK]
1403,反革命事件
1404,王光美
1405,理察·科伯恩·麥克勞林
1406,
1407,1624年
1408,15%
1409,江青
1410,奈及利亞
1411,阿聯
1412,1979年
1413,質量大於0.4太陽質量
1414,農田
1415,二戰後，大量從東歐和波羅的海沿岸的前德國疆土被驅逐的難民在下薩克森邦落腳定居
1416,2013年2月11日
1417,1973年起
1418,部落衝突
1419,南開中學，早年短期留學日本明治大學
1420,科學家
1421,10萬人
1422,元惠宗
1423,抗佝[UNK]病
1424,馬來-玻里尼西亞語族
1425,45%
1426,哈雷彗星來臨
1427,西洋事情
1428,顯性文明
1429,元代
1430,43人
1431,限制性消化
1432,司馬元顯
1433,伸展台模特兒
1434,兩層
1435,費尼
1436,中國共產黨
1437,《鋼鐵是怎樣煉成的》
1438,1994年12月1日
1439,最高榮譽大獎[UNK]金針獎
1440,錫克教
1441,1986年
1442,《西部開拓史》
1443,百越族
1444,保護區
1445,哈利里德
1446,阿拉伯語
1447,徐樹錚
1448,明太祖
1449,網球場
1450,英屬維京群島
1451,低可偵測性
1452,保持中立
1453,南朝鮮
1454,關島原住民
1455,僱傭保險
1456,日本
1457,大學
1458,機電工程署總部大樓
1459,南昌分局
1460,佛教
1461,陳朝
1462,1948
1463,有色人種
1464,共產國際
1465,漢諾威
1466,中央電視台高清綜合頻道
1467,石亭之戰
1468,華盛頓會議
1469,主體史學
1470,心室底壁組織
1471,1662年
1472,1888年
1473,第二產業
1474,俄羅斯
1475,德國人杜登
1476,[UNK]總能量
1477,社會主義市場經濟
1478,葉爾羌汗國
1479,澳洲大陸
1480,正德十一年
1481,中計受突擊
1482,匈牙利
1483,布拉馬普特拉河
1484,莫萊-明托改革
1485,沙俄軍隊
1486,200萬
1487,黑龍江
1488,2003年
1489,維多利中心
1490,新界原居民
1491,蔣中正
1492,大和國
1493,佛教
1494,頻率理論難以解釋人而對聲音頻率的分析
1495,有性生殖
1496,網路龐克
1497,為免兩國爆發戰爭
1498,巴塞隆納奧運
1499,鬍鬚狀
1500,阿拉巴馬州
1501,鋤草祭
1502,[UNK]-15戰鬥機
1503,2013年
1504,上海站開出最後一班列車後關閉
1505,1980年
1506,1958年
1507,俄羅斯提供的火砲
1508,
1509,路易斯一世
1510,《時代》雜誌
1511,極權主義
1512,斯特-立陶夫斯克條約》
1513,路易十四
1514,布列塔尼半島
1515,電子裝置
1516,曼諾球場
1517,東吳
1518,愛德華一世
1519,沒有花瓣
1520,1938年
1521,歧視情況而很不快樂
1522,獻縣張莊耶穌聖心主教座堂
1523,[UNK][UNK][UNK].[UNK]
1524,陸秀夫
1525,東南亞資本
1526,
1527,
1528,烏蘭烏德
1529,1897年
1530,胡錦濤
1531,2003年3月4日
1532,生活空間的不足
1533,決策局的重組方式
1534,杭州[UNK]橋機場
1535,阿拉里克
1536,興登堡元帥建議
1537,總督
1538,興王
1539,衛奕信
1540,非歐幾里得幾何
1541,2009年
1542,全國重點文物保護單位
1543,忽必烈
1544,花垣縣轄8個鎮、13個鄉。2005年進行鄉鎮行政區劃調整，將原21個鄉鎮
1545,未來以任何方式著陸埃歐的探測器都不需要安裝隔熱板來保護儀器
1546,惠金斯原理
1547,松花江與富錦市、佳木斯市相望，西連伊春市，北部界黑龍江
1548,工大學
1549,兩年
1550,1994年
1551,為了便於管理漢地
1552,喬托號
1553,慎殺
1554,烏里雅蘇臺將軍
1555,聖西門主義
1556,1945年戰爭
1557,蔡[UNK]
1558,德國
1559,《刑部大理寺狀》
1560,新南威爾斯州
1561,年齡
1562,聖方濟·沙勿略
1563,羅馬共和國時期
1564,外觀上則會看到綠色的稻穀上有細毛
1565,韓國
1566,南固臺
1567,聯合國
1568,1944年
1569,
1570,張三祿
1571,15世紀
1572,百老匯
1573,孫堅任長沙太守，曾帶兵參與討伐董卓。191年，孫堅征荊州劉表、黃祖時戰死，年僅37歲。孫堅子孫策在孫堅死後繼承領導之位，而由於孫堅生前屬袁術
1574,高血壓
1575,黃[UNK]
1576,《中國郵政集團公司章程》
1577,保護環境、推進生態環境健康
1578,城市物質形態
1579,環境保護主義
1580,773年
1581,懷柔區
1582,七間
1583,民間反應不佳
1584,光緒十年
1585,1970年代
1586,西班牙
1587,奧地利
1588,肌源性
1589,加拿大
1590,七個
1591,安定
1592,萬國郵聯
1593,乾旱
1594,《高盧戰記》
1595,台北都會區
1596,甲午戰爭
1597,普羅蒂奇辭職，中立的米倫科·韋斯尼奇接任。民主党進入政府，但社民黨就因為政府採取反共措施
1598,1910年
1599,西里爾字母
1600,1935年
1601,《英華字典
1602,2009-2010
1603,浙江海商
1604,巴西
1605,歐洲聯盟委員會
1606,北圓南方
1607,美國
1608,加加林
1609,七年戰爭
1610,100米
1611,咖啡因中毒
1612,國民政府
1613,漢江
1614,青光眼
1615,不結盟運動
1616,
1617,1984年
1618,射擊斷續器
1619,5位
1620,芽孢炭疽桿菌
1621,1968年
1622,北宋
1623,百老匯
1624,1988年
1625,果敢
1626,英國
1627,耶穌會士在中國傳教，占全世界的1／5。他們在中國負責河北、江蘇、安徽3省的10個教區，五百多座教堂。法國耶穌會
1628,一戰前夕
1629,鐵鉉
1630,洛杉磯湖人
1631,《義勇軍進行曲
1632,棉花
1633,卡洛·埃馬努埃萊一世
1634,太白
1635,遊牧民族
1636,帝國主義列強對臺灣清治時期第一次武裝入侵
1637,分子雲
1638,伊爾庫茨克國立大學
1639,厄德
1640,古羅馬
1641,儒教興盛
1642,巴夏禮拒收
1643,克里斯蒂安四世
1644,蒸汽輪機
1645,哈大客運專線
1646,亞熱帶常綠闊葉林
1647,1937年
1648,普法戰爭
1649,勃艮地貴族奧東·德拉羅什
1650,約翰·莫根
1651,氧化緩慢
1652,1835年
1653,咖啡因
1654,中國應該統一
1655,1972年
1656,宿衛軍
1657,汪精衛
1658,體育部
1659,斜方晶八面體
1660,直系軍閥
1661,水牛城勇士
1662,孫中山
1663,七月二十四日
1664,瓦倫本哥國家公園
1665,殖民政策
1666,[UNK]染色體
1667,日本再次計劃
1668,16世紀
1669,大陸性氣候
1670,配子
1671,猶太人
1672,邱行湘
1673,德克薩斯州石牆郡
1674,皖系軍閥
1675,清廣東水師提督
1676,1964年
1677,1967年
1678,主人
1679,哲布尊丹巴
1680,孟懷玉
1681,布政司署
1682,1861年2月9日
1683,1599年閏3月3日
1684,漢字
1685,安托萬·拉瓦錫
1686,伊斯蘭教
1687,壓力梯度
1688,武則天天授元年追封為「褒德王」，宋真宗
1689,參議院
1690,重要的財源
1691,盧安達法郎。截至2014年4月17日，盧安達法郎對美元的匯率為每680.48盧安達法郎
1692,皖南獨立團為基幹的皖浙贛獨立團
1693,德川家康
1694,經濟蕭條
1695,世族
1696,1853年
1697,新加坡
1698,民國34年
1699,1270年
1700,動力系統
1701,三個
1702,
1703,中國
1704,漢武帝
1705,江河級驅逐艦
1706,2015年
1707,21473平方公里
1708,研究占星術
1709,颶風
1710,世界氣象組織
1711,絲綢之路
1712,海河流域
1713,蒙哥
1714,700家
1715,中國溧陽茶葉節
1716,全市綠化比例高
1717,收到十二道金牌班師回朝
1718,澳大利亞
1719,漢地
1720,民國三十七年1月21日至23日則舉行第一屆中華民國立法委員選舉；同年3月29日
1721,7980年
1722,2010年
1723,青島海軍基地
1724,南涼
1725,票務櫃臺
1726,日軍
1727,波蘭進入戰時狀態，實行軍事管制
1728,西方遊客
1729,視網膜神經節細胞
1730,徐世昌
1731,宋美齡
1732,
1733,第二次世界大戰
1734,1961年
1735,白光
1736,陳誠
1737,1966年
1738,奈特·麥克米蘭
1739,無佛像時代
1740,1977年
1741,白色
1742,自由聯合關係
1743,2000年
1744,英國
1745,暫住證制度
1746,《劃一現行各道地方行政官廳組織令》
1747,高朱蒙
1748,1948年
1749,蒸汽膨脹
1750,隋[UNK]帝
1751,副熱帶季風氣候區
1752,日本
1753,美國心臟學會
1754,大英帝國
1755,《八篇書》
1756,德軍
1757,阿爾薩斯-洛林
1758,路易十四
1759,合作派
1760,思覺失調症
1761,倫敦煙霧事件
1762,1個
1763,1990年代
1764,伊蘭人
1765,24%
1766,高麗國
1767,後現代主義設計
1768,1828年
1769,丹尼爾·邁耶
1770,獨立機關選舉委員會
1771,西安招待所
1772,1262年
1773,湯瑪斯傑佛遜
1774,新春
1775,郵值標籤
1776,席哈克略皇帝
1777,1989年
1778,宙斯
1779,農耕節
1780,俄國革命
1781,
1782,石勒
1783,西洋棋殘局
1784,敵我矛盾交織，反對把一切矛盾都上升為敵我性質
1785,動物命名法作用於1758年1月1日以後正式發表的動物學名
1786,《高盧戰記》
1787,10
1788,會稽虞氏
1789,英國
1790,木衛一
1791,愛滋病毒
1792,1993年
1793,外蒙古
1794,張聞天
1795,後現代
1796,法家
1797,五個
1798,通古斯地區過於偏遠
1799,安大略湖
1800,肉食
1801,朝鮮王朝世宗大王
1802,南蠻校尉
1803,峽谷河段，在赫爾德瓦爾附近進入恆河平原
1804,浮動匯率制度
1805,英國
1806,詹姆斯·史都華
1807,意識形態
1808,七歲
1809,法國
1810,1928年
1811,5個
1812,[UNK]
1813,曼哈頓
1814,清咸豐年間
1815,君士坦提烏斯二世
1816,演員
1817,關西一帯的日本人由於鄰近朝鮮半島，彌生人在遺傳因子
1818,甲醇
1819,高句[UNK]
1820,牛隻列印問題
1821,英國
1822,合作派
1823,中華人民共和國
1824,1590年
1825,1941年
1826,細胞核
1827,操作自動化
1828,發生十月革命
1829,俄羅斯聯邦
1830,為了維護毛的權威，仍然參與到以空前的高調呼籲對毛的個人崇拜的浪潮中來
1831,
1832,1943年
1833,多倫多市
1834,顯性文明
1835,超過9倍太陽質量
1836,預測
1837,純的硫是黃色的晶體，又稱做硫磺。硫有許多不同的化合價
1838,資產負債表
1839,德川家康
1840,日本
1841,2006年
1842,在各個市政領域推動都市轉型計畫
1843,南·韓國
1844,1789年
1845,哥廷根亨德爾國際音樂節
1846,泰勒斯
1847,32.8%
1848,國聯批准下合併
1849,鮑羅廷
1850,杜林
1851,金合歡
1852,13倍
1853,炮兵連
1854,《大唐三藏取經詩話》
1855,1932年
1856,1920年
1857,雲南
1858,14世紀末至20世紀初
1859,電子郵票
1860,儒字
1861,諾曼人
1862,剛果民主共和國
1863,俄國
1864,成熟階段
1865,求其放心
1866,吠陀文集
1867,1950年代
1868,法國化學家
1869,湯·韋迪加
1870,托木斯克州
1871,奧東·德拉羅什
1872,民用航太
1873,30
1874,東亞一夫一妻多妾制
1875,腓特烈二世
1876,義大利
1877,2000年
1878,1932年
1879,製導
1880,路易-菲利普
1881,戈翁
1882,給我一個膠帶』
1883,《古魯·格蘭特·薩希卜》
1884,1865年
1885,周叔蓮
1886,1924年
1887,德國財政局
1888,30
1889,
1890,法國
1891,詹姆斯·史都華
1892,周恩來
1893,清朝沒有誠意
1894,環境污染
1895,臺灣新北地方法院
1896,國務會議
1897,洛厄爾天文台
1898,加拿大式雙打
1899,三
1900,關原之戰
1901,
1902,電氣化鐵路
1903,
1904,2007年
1905,中華民國實業部
1906,1966年
1907,多倫多
1908,
1909,約翰·洛克菲勒
1910,1920年代
1911,1864年
1912,甘迺迪
1913,阮攸
1914,有絲分裂
1915,議會制國家
1916,1981年
1917,東西伯利亞喇嘛教則例
1918,莫斯科
1919,五分之一
1920,《德意志語言正字大詞典》
1921,魔獸英雄傳
1922,
1923,《渡假留香》
1924,日本
1925,在美國硫酸是所有生產得最多的化合物
1926,德國
1927,水門事件
1928,中山港大橋擴建工程，翠亨快線，斯364線
1929,閻錫山
1930,1997年
1931,托爾金
1932,龍興之地
1933,中國政府因開放市場的需要
1934,阿伊努人
1935,1937年
1936,3.8%
1937,風力發電站
1938,艾森豪
1939,3400萬
1940,擊球方法
1941,帕西瓦爾·洛厄爾
1942,二二八事件
1943,紅色
1944,澎湖
1945,硫化物
1946,理學
1947,1998年
1948,2010年
1949,周恩來
1950,1950年
1951,高輻射的環境
1952,維基媒體
1953,生物質能
1954,1939年
1955,清朝末年
1956,江戶幕府
1957,哲學原理研究
1958,2001年8月15日
1959,第六次全國人口普查，全市常住人口
1960,加勒比海
1961,1455年
1962,鄧穎超
1963,對自然的模仿
1964,傳統音樂
1965,提防燕王謀反
1966,列支敦斯登在1920年與奧地利分開郵政之前一直有用奧地利
1967,保加利亞
1968,恢復市場的功能，以邁向生產力理論
1969,北非的希波大會
1970,中華民國政府
1971,1834年
1972,淋巴液
1973,斷罰出征，並全征燒埋銀
1974,1901年
1975,五歲
1976,近年
1977,農歷新年時吃元宵、年糕及蘿蔔糕；在端午節
1978,阿布海兒汗時代
1979,音速巡航
1980,1312年
1981,1888年
1982,30℃
1983,英國
1984,宦官與宮女
1985,兩個
1986,對日抗戰
1987,1989年
1988,元武宗
1989,天文學家
1990,1954
1991,美國
1992,國際非政府組織
1993,1991年
1994,中部科學園區
1995,台北市立體育場
1996,朱友貞
1997,冷戰期間
1998,1893年
1999,收容遣送制度
2000,中國國民黨
2001,《朱啟[UNK]：「被抹掉的奠基人」》
2002,狄拉克
2003,金黃飽滿
2004,滿蒙獨立運動
2005,水軍
2006,共產黨
2007,矽燃燒過程，結果是產生穩定的同位素鐵-56。而除了經由吸熱過程
2008,劉少奇
2009,洛桑國際管理學院
2010,民國時期
2011,著陸
2012,
2013,丹尼爾奧爾特加左派社會主義政府。民主黨沒能阻止雷根
2014,幾何學
2015,1998年1月1日
2016,《風之國度》
2017,蠻族事務局
2018,巫師
2019,首席的元老
2020,11世紀
2021,阿普列尤斯
2022,德國人、義大利人
2023,光度
2024,美國政府援助，1979年12月國會通過克萊斯勒貸款法案
2025,省務會議
2026,1610年1月7日
2027,荷蘭
2028,東歐國家。它曾經是蘇聯加盟共和國，於1991年4月9日正式獨立，首任總統茲維亞德·加姆薩胡爾季阿。獨立後法定國
2029,1835年
2030,六四天安門事件
2031,衛星電視是通過接收人造衛星轉播過來的電視訊號節目的電視廣播方式。衛星電視的傳輸過程一般為：通過衛星將地面基站發射的微波訊號遠距離傳輸，最終用戶使用定向天線
2032,「通俗的
2033,數百萬克耳文
2034,哭泣
2035,2000年
2036,1987年
2037,洪堡
2038,1847年
2039,唐睿宗
2040,1968年
2041,商業活動和慈善事業由自己創辦的公司管理。其他方面，艾倫在技術、實業、不動產
2042,寫首字母為「[UNK]·ㄎㄟ·ㄨㄞ
2043,林肯總統
2044,養殖漢諾瓦馬、歐登堡馬和其他血統的馬是不少下薩克森邦人的業餘愛好和職業
2045,元末民變
2046,
2047,炮兵連
2048,1599年
2049,3個
2050,香港國際機場
2051,吸引選票
2052,段祺瑞
2053,普魯士
2054,高句麗
2055,蒙疆聯合自治政府
2056,溧陽
2057,學會部
2058,林肯總統
2059,科什圖尼察
2060,1600個
2061,反托拉斯法
2062,500毫升
2063,古代
2064,民國元年
2065,蒙古人
2066,正德十一年
2067,閏盤
2068,伊比利亞
2069,經濟學人智庫
2070,劉少奇
2071,1260年佔領大馬士革和阿勒頗。然而當旭烈兀得知蒙哥於南征南宋時去世的消息後，立即率大軍回師爭位。留下的蒙軍也在今以色列加利利的阿音札魯特戰役敗於埃及馬木留克王朝
2072,瀧川
2073,莫高窟
2074,電穿孔細胞
2075,參見明朝皇帝
2076,2次
2077,1924年
2078,梁啟超
2079,期貨合約
2080,洋馬兒
2081,經濟
2082,1935年
2083,鹿兒島
2084,華裔港人普遍不會以外傭
2085,縱貫鐵路山線段
2086,1875年公共健康法
2087,威廉·赫歇爾
2088,逃港者
2089,柏拉圖
2090,傳統習慣法
2091,塔蘭托戰役
2092,巴斯克人
2093,阿爾卑斯山
2094,炮兵連
2095,1957年
2096,何鳳山
2097,十倍
2098,1995年
2099,紅矮星
2100,日語
2101,德意志邦聯
2102,20世紀
2103,草本
2104,涵元殿
2105,奧斯卡·赫特維希
2106,1971年
2107,英國
2108,徐世昌
2109,免疫
2110,民國18年
2111,人口總數
2112,1913年
2113,法國東部
2114,灣仔
2115,拉丁語
2116,外籍人士長久生活於杜拜
2117,畢達哥拉斯
2118,愛格思海金斯公司的建築師
2119,世界的中心
2120,第53
2121,英格蘭愛德華一世於1272年
2122,上海
2123,一次世界大戰時期
2124,安眠藥
2125,史坦波中心
2126,《科學怪人》
2127,林登·貝恩斯·詹森
2128,
2129,德國
2130,
2131,江蘇淮安
2132,孟懷玉
2133,中共中央副主席
2134,毒氣
2135,連接子
2136,普洱專區
2137,僱傭保險
2138,英國倫敦溫布頓
2139,國君
2140,1569年
2141,佐世保最大的造船企業。大島造船所
2142,申城
2143,德川家
2144,
2145,岩石圈
2146,香港日治時期
2147,反托拉斯法
2148,1925年
2149,1926年
2150,德國
2151,亞熱帶
2152,1966年開始的「文化大革命」中，田漢被打成「右派」，於1968年含冤去世。其作品亦被認為有「政治問題」，所以禁止演唱用田漢作詞的《義勇軍進行曲》，《東方紅》變成實際「國歌」。特別是1970
2153,古希臘語
2154,戡亂建國教育實施綱要
2155,官方語言韓國
2156,俄羅斯車里雅賓斯克
2157,王藍
2158,南成旭
2159,東晉元帝
2160,大氣層
2161,漢字
2162,絲綢之路
2163,5642米
2164,殺蟲劑中毒
2165,中華人民共和國
2166,
2167,通惠河
2168,羅曼努斯二世
2169,南奧塞提亞自治區
2170,浮動匯率制度
2171,農業
2172,秋天
2173,黑龍江，俄羅斯稱之為阿穆爾河；此詞來自通古斯語族，意為「大河」或「大水」，是亞洲東北部的一條河流，發源於蒙古國肯特山東麓，在石勒喀河與額爾古納河交匯處形成
2174,拔陶兒島
2175,雲南省
2176,美國
2177,扶植農業
2178,宋文帝
2179,艾瑪·史東
2180,一大批來自原第三帝國東部的難民想要在這個地緣遼闊的邦找到棲身之地
2181,聯邦在內戰中取勝
2182,玉泉北路
2183,1789年
2184,280
2185,旅遊業
2186,柏拉圖
2187,國家地質總局
2188,2007年
2189,國家歷史文化名城
2190,維基媒體基金會
2191,一
2192,道里根加河
2193,非婚生
2194,小學
2195,最佳演唱團體獎
2196,無配偶身份的姬侍
2197,防火能力
2198,精神醫學
2199,機炮
2200,
2201,威尼斯雙年展
2202,接合
2203,第四心音
2204,李白
2205,世襲制度
2206,韓國海關
2207,奧地利
2208,2009年
2209,牛胃氣膨脹
2210,中源漾水河
2211,吠陀梵語
2212,東晉
2213,伸展台模特兒
2214,印第安納大學俱樂部
2215,低可偵測性
2216,1971年
2217,西部縱貫公路
2218,工業
2219,東芝
2220,新北市
2221,川本芳昭
2222,伊斯蘭哈里發軍隊
2223,一年
2224,借高利貸
2225,
2226,2002年
2227,620年
2228,民國2年2月25日
2229,第一公民
2230,現代主義
2231,天主教
2232,美利堅聯盟國
2233,泰特里庫斯
2234,1949年
2235,1858年
2236,禁書目錄》
2237,心室底壁組織
2238,菲律賓
2239,湯瑪斯·勃蘭契特·瑞德
2240,周恩來
2241,超音速
2242,[UNK]-51戰鬥機
2243,日本
2244,民國27年
2245,模擬別人的言行
2246,1897年
2247,李察·賓特利
2248,印尼
2249,1926年
2250,荊州
2251,公共環境事務學院
2252,28個
2253,克里米亞戰爭
2254,國防部空軍司令部
2255,北京
2256,1945年
2257,荷蘭人
2258,世稱恭順
2259,1972年
2260,2013年
2261,前蘇聯總書記史達林
2262,佳木斯
2263,1918年
2264,太陽
2265,非金屬類材料
2266,阿拉貢王國
2267,聯合國人權委員會
2268,庫里爾台大會
2269,氫
2270,頭
2271,賓夕法尼亞州大學
2272,環境污染
2273,穀類作物
2274,威廉一世
2275,[UNK]染色體
2276,後代
2277,熱帶草原氣候
2278,王白駒
2279,袁術
2280,第一心音
2281,東晉
2282,前蘇聯[UNK]-15戰鬥機
2283,道格拉斯
2284,玉米
2285,東羅馬帝國
2286,五個
2287,民國25年
2288,松花江
2289,歐洲
2290,宋理宗
2291,歐洲太空總署
2292,2017年
2293,南北韓高級別會談機制
2294,紅水河
2295,澳洲人
2296,斯芬·佩斯
2297,2013年
2298,大道東附近
2299,6.6千兆瓦
2300,副熱帶濕潤氣候
2301,1200萬名
2302,督憲
2303,1999年
2304,29.48萬人
2305,1998年
2306,鞏高峰
2307,尚吉巴
2308,12個
2309,西伯利亞
2310,沿用科大
2311,焦爾達諾·布魯諾
2312,國際網球協會
2313,河西
2314,風刺
2315,官僚主義者階級
2316,刺史
2317,房間隔
2318,1180年
2319,三歲
2320,失眠
2321,雷焦卡拉布里亞國家考古博物館
2322,阿克爾自治市
2323,香港人
2324,都市計劃
2325,
2326,克利奧爾人
2327,小孩會從陰道被排出子宮。這是靠子宮收縮加上產婦生下來的用力動作。這個動作很多婦女都形容類似用力排遺。此階段的開始可用[UNK]分數
2328,一卡通
2329,2比1
2330,海澄公
2331,河川
2332,外國人光顧，尤其每當有外國軍艦訪港，上址一帶更吸引各國娼妓留連街上，有如電影《蘇絲黃的世界》裏情節一樣。而區內之新杜老誌夜總會
2333,國民政府
2334,黃金聖餐杯
2335,20世紀
2336,1939年
2337,
2338,訊號擺率
2339,意義上更為可貴
2340,南源玉帶河三個源頭，均位於陝西省漢中市內。中源漾水河發源於寧強縣東北部，流程較短。南源玉帶河
2341,蘇維埃社會主義共和國聯盟
2342,音樂
2343,《四十二章經》
2344,薩沃亞家族
2345,工業發展
2346,海因利希・弗格勒
2347,第五套
2348,景洪市
2349,《韓國憲法》
2350,為爭取陽光
2351,《失落的故事集》
2352,1918年
2353,200米以下
2354,原始宗教
2355,1區
2356,博物學
2357,
2358,機鼻的空間都留給雷達使用。二戰時期大多數安裝在戰鬥機上
2359,1970年
2360,馮特
2361,彰化市民代表會
2362,法國大革命時期
2363,明朝
2364,2013年
2365,朱德
2366,
2367,中華人民共和國
2368,1958年
2369,
2370,英籍工程師西排立
2371,主語
2372,金牛剔星
2373,完整波動模型
2374,德國財政局
2375,1938年
2376,2014年
2377,灣仔亦曾一度擁有為數眾多的電影院
2378,中華人民共和國的國家級預防腐敗專門機構，主要負責全國防腐敗工作的協調與策劃，制定反腐政策，檢查與指導社會企業、單位、團體的反腐工作同時負責預防腐敗的國際合作和國際援助。防腐局在2007年
2379,法國
2380,先發制人
2381,羅斯托克港
2382,為了鞏固自己及子孫的統治
2383,蒙古語
2384,甲醇
2385,元太宗
2386,15625億日元
2387,印度教經文
2388,1222年
2389,918年
2390,北非作戰階段
2391,政府
2392,1987年
2393,核酸酶，工程改造的歸巢核酸內切酶或由[UNK]效應物產生的核酸酶
2394,金軍
2395,16強賽
2396,加拿大式雙打
2397,球皺褶
2398,曹操
2399,40年
2400,2901.3平方公里
2401,新北市
2402,郭守時擔任都水監
2403,高等學校新生入學考試制度
2404,靠近中國大陸的大陸型氣候
2405,科大校歌
2406,19世紀
2407,檀君古朝鮮
2408,康熙帝
2409,朝鮮勞動黨代表會議
2410,清宣宗時代
2411,蒙漢兩元政治
2412,黑色貝雷帽
2413,三國史記的作者認為高句麗迅速向外擴張，先後吞併太白山東南人國和北沃沮，並擊敗鮮卑使其臣服。而三國史記
2414,四次
2415,林彪
2416,顯性文明
2417,二十世紀七十年代，在1960年代反文化運動的推動下，環保運動在全世界飛速成長。世界上首個以環境議題為基礎政黨為澳大利亞塔斯馬尼亞州的塔斯馬尼亞團結組織和紐西蘭的價值黨歐洲第一個綠色政黨是大眾環境運動，於1972年
2418,錫克教
2419,分裂
2420,社會輿論
2421,1603年
2422,一
2423,紐格威森林
2424,
2425,技術
2426,新石器時代
2427,孔齊
2428,海因里希·赫茲
2429,1958年
2430,世界氣象組織
2431,通貨膨脹
2432,1804年
2433,統籌局
2434,[UNK]
2435,天主教
2436,食品業
2437,1958年
2438,2010年
2439,柏樹林
2440,7920公里/小時
2441,仙台市
2442,蔣定之，江蘇省人大常委會副主任史和平
2443,裝飾
2444,哈爾濱
2445,2000年
2446,義和團事變
2447,混合苦膽的酒
2448,洪武三十一年
2449,關島組織法
2450,2008年
2451,邊防局
2452,彼得二世
2453,19世紀晚期
2454,銀礦
2455,合不勒汗
2456,高句麗
2457,察合台汗國
2458,民國15年
2459,49.3萬人
2460,巴納德
2461,量子光學
2462,糧食
2463,哈德遜河
2464,宗谷海峽
2465,民國3年6月24日
2466,投保人
2467,主序帶
2468,坎貝爾
2469,港島區
2470,1230年
2471,混亂
2472,中華人民共和國憲法》
2473,二十歲
2474,打比賽
2475,中村法道
2476,瓊山
2477,鐵穆爾
2478,391年
2479,精神醫學期刊
2480,
2481,1260年
2482,13小時
2483,氦
2484,大島金太郎
2485,蒙古貴族
2486,巴西爾二世和君士坦丁八世繼位，後者對於政事幾乎完全不過問。在巴西爾二世
2487,黑死病
2488,1948年
2489,卡胡盧伊
2490,硫化氫
2491,氮化硫
2492,1976年
2493,1972年
2494,都市計劃
2495,色指數
2496,日本
2497,無痛分娩
2498,6位
2499,會稽虞氏
2500,煤煙消除會
2501,公民化
2502,宏碁
2503,國民政府時期
2504,海因里希·赫茲
2505,傻瓜塔
2506,朱允[UNK]
2507,海邊
2508,匹茲堡
2509,威廉·赫歇爾
2510,格子型系統
2511,《動員戡亂時期臨時條款》
2512,阿穆爾河
2513,1989年
2514,花垣鎮
2515,東部
2516,毒品
2517,7%
2518,韓國
2519,以圓潤沉厚的聲線在電視上獻唱徐小鳳名曲〈風的季節〉，摘下新秀冠軍，正式踏上星途，由於梅艷芳是女低音
2520,莫斯科，與蘇聯交涉日內瓦世界和平會議事宜前，和蘇聯領導人酒宴後酒醉，事後周恩來向黨中央和毛澤東作檢討，毛澤東原諒並調侃道應該「和對方比吃辣椒
2521,德國
2522,農民階層
2523,孔恩
2524,索契
2525,比利時
2526,重慶理工大學
2527,支持臺灣獨立
2528,新天皇光明天皇
2529,托木斯克
2530,葛摩
2531,1905年
2532,《臺灣自救運動宣言》
2533,詳細規劃
2534,十億年
2535,1486年
2536,英國
2537,1970
2538,1500公里
2539,南極條約協商會議
2540,布里亞特人
2541,建炎二年
2542,民國4年12月25日
2543,1849年
2544,前279年
2545,中國大陸
2546,前1534年
2547,羅山
2548,1899年
2549,釋迦牟尼
2550,1968年
2551,1640年
2552,交通不便
2553,約翰二世·科穆寧皇帝
2554,東涌線
2555,以圓潤沉厚的聲線在電視上獻唱徐小鳳名曲〈風的季節〉，摘下新秀冠軍，正式踏上星途，由於梅艷芳是女低音
2556,1841年2月10日
2557,1999年
2558,2005年7月21日
2559,古代小說總集，該書描寫一千多年前戰國時代
2560,國家預防腐敗局
2561,噪音過大的問題
2562,大學生研究計劃
2563,臺灣改歸中華民國
2564,1994年
2565,王亞南
2566,皇后大道
2567,八零年代
2568,1234年
2569,日本
2570,瑞派克路
2571,晶片廠
2572,第二代
2573,自治組織
2574,康熙三十二年
2575,重工業
2576,臺灣郵政總局
2577,1952年
2578,十二月屠殺
2579,魚雷
2580,十月革命
2581,玄松月
2582,特定場合
2583,公元1世紀
2584,1981年
2585,在各個市政領域推動都市轉型計畫
2586,
2587,十年之力，廢於一旦」。岳飛回到京城之後，向高宗請辭。高宗當時沒有答應他的辭呈。次年四月，拜樞密副使。但是這次，岳飛請求拿回兵權，未得允許。紹興十一年
2588,幻境
2589,臭氧層
2590,日本青年社
2591,廣東籍
2592,卡拉布里亞
2593,自由派
2594,1990年代
2595,秋明州
2596,倫敦煙霧事件
2597,史都華依然故我
2598,自由
2599,韓國
2600,不穩定性
2601,北方太平洋品種的大馬哈魚常於9－10月回到黑龍江、烏蘇里江等河中產卵
2602,亨利克萊
2603,歐美國家
2604,濟州島
2605,赫爾伯特·查普曼
2606,噪音過大
2607,廿八歲
2608,濟南
2609,2016年
2610,印度國民軍士兵大審判
2611,約瑟夫·阿洛伊修斯·拉辛格
2612,美日領事機構
2613,2比1
2614,參議院
2615,1861年
2616,1991年
2617,統派
2618,1953年12月
2619,白[UNK]紀滅絕事件
2620,2008年1月27日
2621,曼莫漢·辛格
2622,刺激性
2623,七七事變
2624,激進黨
2625,1895年
2626,中華民國99年12月25日
2627,美茵河畔法蘭克福，是德國中西部的黑森邦
2628,昭陽湖
2629,拒絕投降
2630,慈安太后、生母慈禧太后與叔叔恭親王奕[UNK]
2631,2013年，艾倫在福布斯全球富豪榜排名第53
2632,約翰•波羅金侯恩
2633,失分
2634,第一次鴉片戰爭
2635,特殊黨員
2636,中國文化
2637,蔡素玉
2638,英國
2639,工藝上
2640,鄧小平建設有中國特色社會主義理論
2641,2008年
2642,4個
2643,溫州
2644,下薩克森邦
2645,《宅地法
2646,中途公園
2647,駐越美軍
2648,郵票
2649,高房價
2650,1849年
2651,2016年9月30日
2652,效益主義
2653,解放軍
2654,1946年
2655,伊斯蘭教
2656,元弘之亂
2657,
2658,伊斯蘭教
2659,暴雪娛樂公司
2660,第二次世界大戰
2661,歐洲人
2662,理論心理學
2663,西方墨點法
2664,136.03萬人
2665,唐朝
2666,戰鬥機
2667,
2668,240℃
2669,邊防機構
2670,洋馬兒
2671,中部科學園區
2672,1799年
2673,胡圖族和圖西族
2674,百濟個性溫和的雕塑
2675,麻州
2676,杜林
2677,庫侖阻力
2678,日本佔領香港的時候學校曾經停辦
2679,紅衫軍運動
2680,耶穌會
2681,西塞羅
2682,巴黎和會
2683,
2684,捷克斯洛伐克
2685,2012年
2686,忠孝橋
2687,梅布爾
2688,1963年
2689,高崗
2690,1930年
2691,海水淡化
2692,大學文憑
2693,台灣小百岳
2694,爭議性的文章，以使存在爭議的文章能夠更嚴格地被審查。《科學》期刊也表明《自然》雜誌有可能採用這之後相同的論文審標準。甘迺迪為《科學》期刊的審查系統作辯護，指出嚴格應對造假只能是「為了揪出偶然的作弊者而對眾多科學分支採取不計成本而又冒犯性
2695,1779年
2696,馬來西亞
2697,人本主義
2698,首爾塔洞公園
2699,61票贊成，37票反對，7票棄權
2700,乾隆
2701,公開產品
2702,3%
2703,西元前8200年
2704,普法戰爭
2705,什錦麵
2706,供給創造需求
2707,東歐
2708,民國三十八年
2709,蔣中正
2710,土魯斯的阿爾比派
2711,
2712,中國大陸
2713,甘蔗
2714,不滿北條氏專制政權
2715,第一個用戶嘗試儲存網頁時
2716,史都華
2717,昆明公交公司
2718,2010年
2719,古典主義風格
2720,《中華人民共和國憲法》的第二份《七五憲法》
2721,2008年
2722,納粹黨
2723,清政府
2724,威廉二世
2725,[UNK]
2726,漢魏故城
2727,1920年代
2728,五色旗
2729,威廉一世
2730,人造衛星轉播過來的電視訊號節目的電視廣播方式。衛星電視的傳輸過程一般為：通過衛星將地面基站發射的微波訊號
2731,1668號
2732,1702年
2733,降低因為鋼纜或者是滑輪等裝置失效導致失去控制的問題
2734,東南亞
2735,同盟國
2736,1944年
2737,臺灣國語
2738,麻省理工學院
2739,河運
2740,東部庫曼
2741,國際動物命名委員會
2742,黃金自由貿易
2743,
2744,集中式太陽能發電站
2745,大韓帝國
2746,巴黎郵局
2747,第265任
2748,[UNK]
2749,死亡
2750,40人
2751,阿拉瓦克印第安人
2752,皇后大道東
2753,[UNK]集團
2754,兩馬赫
2755,
2756,蘿蔔糕
2757,伽利略
2758,1875年
2759,裏海
2760,1863年
2761,1880年
2762,16世紀末葉
2763,1804年
2764,杜林是一國際化的歐洲城市，杜林
2765,
2766,毛利家
2767,[UNK]
2768,
2769,拿破崙
2770,4個月
2771,甲午戰爭
2772,中華人民共和國
2773,愛格思海金斯公司
2774,阿拉巴馬州
2775,2015年
2776,《金驢記》
2777,
2778,傑斐遜·戴維斯
2779,日本
2780,70%
2781,狩獵採集社會，生活以狩獵和漁業為主和簡單農業
2782,蘇聯
2783,國民黨
2784,入學考試
2785,擔心引起教會勢力的強烈反彈
2786,伊斯蘭哈里發
2787,亞美尼亞
2788,1986年
2789,古中國
2790,1946年11月8日
2791,中國天主教愛國會
2792,心血管疾病
2793,中心
2794,元朝
2795,硫酸
2796,義大利戰爭
2797,1980年超級基金法
2798,大有國
2799,納粹德國
2800,募兵制
2801,1933年
2802,2015年
2803,羅禪征伐
2804,17世紀
2805,天主教會
2806,《有關國軍參與海外派遣活動的法律案》
2807,大滿貫
2808,華沙
2809,伯力
2810,外交政策
2811,長度
2812,8世紀
2813,曼努埃爾一世
2814,凡爾賽宮
2815,北海道帝國大學農學部
2816,2008年
2817,信陽
2818,地區邊界
2819,電腦
2820,動物命名法
2821,2016年
2822,1789年
2823,總指揮
2824,
2825,控制北平城
2826,金靴獎
2827,克拉科夫
2828,考古學
2829,邦特蘭和索馬利蘭等自治大區的地區政府
2830,萊茵河
2831,氧化亞氮氣體
2832,不像其他版本聖經的傳統順序
2833,趙光義
2834,攻占納哈出的金山
2835,期貨交易所
2836,油電混合動力車
2837,銀熊獎
2838,國民政府接管臺灣之初，致力消除日本殖民教育的痕跡與影響，打壓本省人與在地南島語群後裔，推動以中華文化為本位的教育政策。中央政府遷臺後，頒布《戡亂建國教育實施綱要》和一系列法令，在日常教學中大力灌輸反共思想與中華傳統文化，並推行髮禁等規範學生日常行為的措施。1968年
2839,靜止心率
2840,明朝
2841,10
2842,1989年
2843,武昌起義
2844,直接管理寺院周圍13莊政教事務
2845,殺傷力大
2846,第一波新政
2847,
2848,1976年
2849,地球大氣層及其他天體之外的虛空區域
2850,與美國斷交
2851,1980年代
2852,楊森
2853,1859年
2854,為了更好的與羅馬帝國進行貿易活動
2855,社團部
2856,宋文帝
2857,粵西
2858,羅斯托克港
2859,印度河文明
2860,约瑟夫·斯卡利格
2861,湖州人
2862,維多利亞港
2863,中文搜尋引擎
2864,20%不到的人口，因此希臘族群認為兩成不到
2865,分發式政策
2866,馬可福音
2867,1987年
2868,比利時人
2869,1000米
2870,馬關條約
2871,自由派
2872,大陸性季風氣侯
2873,214微克
2874,81席、民主進步黨獲得27席、無黨團結聯盟獲得3席、親民黨1席、無黨籍獲得1席
2875,過渡時期憲法
2876,[UNK]州
2877,段思平
2878,1953年
2879,不知道散彈槍
2880,海南特別行政區海口市
2881,社會學
2882,有性生殖
2883,物種形成
2884,攔截機
2885,寮國
2886,2000年
2887,15年
2888,克萊門森級驅逐艦
2889,臺灣外交困境
2890,第26屆
2891,武漢大學
2892,第三心音
2893,1989年
2894,史達林
2895,交通建設早期以聯絡新北市與臺北市為主
2896,美國
2897,廣州鐵路公司
2898,航太
2899,社交活動
2900,孫傳芳
2901,襄樊之戰
2902,亞歷山大·羅德
2903,阿卡狄烏斯
2904,9月
2905,《農書》
2906,蘇聯
2907,中世紀中期
2908,瑞派克競賽
2909,庫曼語
2910,台南
2911,精神醫學
2912,蕃人公學校、蕃童教育所
2913,1987年
2914,發願
2915,
2916,直布羅陀海峽
2917,把普選局限於男性
2918,在一固定期間內，一家機構的現金增減變動情形
2919,1923年
2920,鏡廳
2921,安帝
2922,中華民國初年
2923,托列斯海峽
2924,自由民主黨
2925,印度洋
2926,兩年
2927,大致平坦的地貌
2928,磷礦石
2929,美國
2930,克羅埃西亞、斯洛維尼亞、蒙特內哥羅等社會主義共和國
2931,1512年
2932,消亡階段
2933,肌萎縮性脊髓側索硬化症
2934,以農業生活
2935,馬庫斯·瓦勒里烏斯·馬提亞利斯
2936,《關於托勒密和哥白尼兩大世界體系的對話》
2937,傳送其基因組進入其他細胞，進行感染的分子機制。慢病毒
2938,發明
2939,種族
2940,南成旭
2941,盧安達
2942,阿森納
2943,厄爾布魯士峰
2944,南京國民政府
2945,明朝
2946,武器設計製造人才
2947,2002年
2948,沒有
2949,50個
2950,1830年
2951,溫帶氣候特點
2952,1874年
2953,維吾爾語
2954,金泳三
2955,擅長隨心所欲控制自己的體重
2956,新生代時期
2957,憲政改革
2958,防空海報
2959,元太祖成吉思汗攻佔漢地後，有賴耶律楚材與木華黎
2960,電動機
2961,五大宗教
2962,聯合國
2963,內需市場
2964,
2965,接班第一步
2966,啟德機場
2967,奧地利
2968,日本
2969,愛爾蘭語
2970,狄拉克是出了名的精確與沉默寡言
2971,汽運
2972,敦煌石窟
2973,鍾祥蘭台宮
2974,朝鮮
2975,1971年
2976,英國
2977,兩天後
2978,喀喇汗國
2979,颶風戰鬥機
2980,黨內上層
2981,1932年
2982,1952年
2983,葛摩
2984,2003年1月12日
2985,
2986,紐科門
2987,村民委員會
2988,議會大廈
2989,九州自動車道
2990,《韓國憲法》
2991,忠武
2992,宿衛軍
2993,
2994,1637年
2995,西晉
2996,西人黨
2997,民國26年上半年
2998,中東
2999,一次世界大戰時期
3000,大朝鮮國
3001,麥克勞林建築群，因它們是在校長理察·科伯恩·麥克勞林的監督下完工。這些由建築學大師威廉·[UNK]·博斯沃思設計的大樓，是全美第一批以鋼筋混凝土
3002,熱帶稀樹草原
3003,1171年
3004,《日韓合併條約》
3005,羽柴秀吉
3006,中產階級
3007,民國四十三年
3008,眾議院議員總選舉
3009,魏源
3010,教宗保祿六世
3011,阿拉伯宗教
3012,兩個
3013,《八篇書》
3014,思想多元化、商業經濟發達與交通便利
3015,先發制人入侵薩克森和波西米亞時，引發了七年戰爭
3016,艾瑪·史東
3017,1629年與1636年，分別發起麻豆溪事件與蕭壟事件兩次大型反抗。到了1652年
3018,第三產業
3019,自轉軸的兩極
3020,德宏州
3021,25個
3022,喬治·史蒂芬生
3023,
3024,華北平原
3025,振州
3026,克里米亞[UNK]靼人
3027,李時珍
3028,舊莫比爾
3029,古希臘
3030,辛亥革命
3031,東南亞資本，在六十年代
3032,十年
3033,伊斯蘭教
3034,兵部右侍郎兼都察院右都御史
3035,平成
3036,周恩來
3037,《北京條約》
3038,2008
3039,1958年
3040,縣內生產總值
3041,國民議會
3042,日本竹[UNK]魚
3043,埃拉伽巴路斯
3044,生活部
3045,歐洲工業文明
3046,3766人
3047,調整其以往只與西方資本主義國家發展關係的外交政策
3048,300公厘
3049,蘇門達臘島
3050,南宋洪邁
3051,淮安區
3052,大拇指
3053,靜谷
3054,2002年
3055,
3056,西里爾字母
3057,南明政權
3058,紀律檢查機關
3059,第五
3060,契約經濟
3061,水運
3062,蘇聯特工偵知張作霖似擬退回關外，欲仿第一次直奉戰爭失敗後自治或獨立的形式，蘇聯一方面因其曾結怨於張作霖
3063,保護蒙古人地位
3064,工農業
3065,資本主義
3066,北京滿洲鑲藍旗
3067,金正恩
3068,塔蘭托戰役
3069,戰勝國
3070,北宋元豐五年
3071,哈利里德
3072,1871年1月18日
3073,劉少奇
3074,90年代
3075,溫尼伯國際機場
3076,朝鮮民主主義人民共和國
3077,真理部是從納粹的文宣部獲取靈感
3078,2部
3079,政府
3080,黑龍江
3081,奧勒良重新把三分的羅馬帝國
3082,昆明長水國際機場
3083,八王之亂
3084,居民委員會
3085,民國29年
3086,降低貸款利息
3087,1980年2月24日
3088,通化市是中華人民共和國吉林省下轄的地級市，位于吉林省東南部，渾江上游。國民政府時期為安東省省會，其境內的集安是高句麗舊都，現為國家歷史文化名城。通化市
3089,鄭成功
3090,烏茲別克斯坦
3091,玉米
3092,樺樹
3093,俄羅斯進行了國事訪問
3094,2006年
3095,1970年代初期
3096,法西斯主義
3097,不敢前往倫敦
3098,夫餘別種
3099,1938年
3100,西德
3101,儒家思想
3102,足式臀位
3103,駱克道
3104,71.7公里
3105,拜占庭帝國
3106,收縮性
3107,廣電總局
3108,十三翼之戰
3109,艾森豪
3110,
3111,通惠河
3112,雲貴高原
3113,喀喇汗國
3114,1918年夏季打敗英法兩國，以扭轉局勢。1918年
3115,紅衫軍運動
3116,1387年馮勝、傅友德、藍玉等人發動第五次北伐
3117,烏來區
3118,綠窗口
3119,電壓
3120,希臘文化
3121,幽州
3122,過多不同族裔分據各方的政局，仍然有動盪不穩定的隱憂
3123,庫倫戰敗
3124,1970年代
3125,相聲
3126,都察院左[UNK]都御史
3127,周恩來
3128,貴霜帝國
3129,1978年
3130,南海縣
3131,《華府風雲》
3132,韓國
3133,過度漢化、違背祖宗成法
3134,22.97平方公里
3135,李東陽
3136,1919年
3137,[UNK]糯
3138,秒
3139,印度教
3140,第一座青天白日勳章
3141,尼古拉杜霍寧
3142,浙江紹興浙軍第二旅第六團第三連當見習官
3143,適應對外開放的需要
3144,信陽市
3145,1782年
3146,1867年
3147,20和21世紀
3148,武漢大學
3149,貝爾格勒
3150,豐田汽車
3151,政府財政撥款
3152,1918年
3153,1972年
3154,柴油
3155,荷蘭
3156,導火線
3157,異裂
3158,卡爾施塔特
3159,阿拉伯字母
3160,一氧化碳
3161,1987年
3162,《三國演義》
3163,黃琪翔
3164,中國人民銀行
3165,都市
3166,[UNK]
3167,2008年
3168,土地改革
3169,[UNK].[UNK].[UNK][UNK]
3170,荷蘭皇家研究所
3171,
3172,1739年
3173,民族文化多元化
3174,開槍射擊令
3175,
3176,商業上的活力
3177,忻城縣
3178,東側
3179,田春蔚
3180,冬季奧運會
3181,動物命名法
3182,農礦部
3183,艾薩克·牛頓
3184,馬薩諸塞州
3185,6世紀
3186,第一個階段
3187,塞爾維亞
3188,麗貝卡·布蘭克
3189,《義勇軍進行曲》
3190,太平洋戰爭
3191,公元前37年，扶餘王子朱蒙因與其他王子不和，逃離夫餘國到鴨綠江沿岸的卒本扶餘，建立高句麗。《續資治通鑑長編》卷323宋元豐五年二月
3192,同化政策
3193,莫敦梅
3194,北京
3195,1943年初
3196,威悉河文藝復興風格
3197,拉丁美洲國家
3198,15年
3199,古朝鮮准王
3200,俗世什一稅
3201,貨幣經濟影響
3202,后妃傳
3203,1949年
3204,曼努埃爾一世
3205,切羅基人
3206,31個
3207,1923年
3208,新北市立圖書館
3209,北竿島
3210,清太祖
3211,詹姆斯·史都華
3212,1235年
3213,輸電線路
3214,火力發電廠
3215,保加利亞分部
3216,2017年
3217,伊斯蘭哈里發軍隊
3218,新北市
3219,物理光學
3220,
3221,1929年
3222,400
3223,鱷魚
3224,2500米
3225,提出議案
3226,客車
3227,日本人鎮壓
3228,江北地區
3229,希臘文化
3230,19世紀
3231,粵菜
3232,匈奴人
3233,阿忽台
3234,倭國
3235,1949年
3236,976年
3237,會長
3238,美國國家稅務局
3239,昆明巫家壩國際機場
3240,日產汽車
3241,兩棲動物
3242,全國邊海防工作
3243,
3244,1955年
3245,馬爾吉特，並且收養了馬爾吉特的兩個孩子朱迪思和加布里埃爾。這兩個孩子之後都冠上了狄拉克的姓氏，其中加布里埃爾後來成為一位數學家。婚後馬爾吉特
3246,13世紀
3247,星系天文學
3248,麻省理工
3249,漢族
3250,24位市民代表，東區選區7席
3251,小高加索山脈
3252,全國經濟委員會
3253,軍事科研
3254,紀律檢查機關
3255,運糧困難，水軍遭遇風暴
3256,民主黨
3257,1636年四月
3258,求其放心
3259,進入膠著對峙狀態
3260,文化大革命
3261,公元第二世紀
3262,[UNK]-29轟炸機
3263,大蒙古國
3264,漢朝軍事壓力
3265,1924年
3266,2013年1月1日
3267,鄧小平
3268,民國39年
3269,華萊士
3270,燃燒
3271,亞洲金融風暴
3272,布爾什維克革命
3273,民國元年
3274,1909年
3275,1233年史彌遠死後
3276,
3277,卡佩爾戰爭
3278,
3279,教會法學
3280,維多利亞湖
3281,《天體運行論》納入《禁書目錄》
3282,馬英九
3283,說唱藝術暨表演藝術團隊
3284,朱文圭
3285,巴夏禮
3286,廣島市在戰後重建，新式現代建築林立。當時，幾位公民領袖與學者商議重建計劃。1949年，經市長濱井信三倡議，廣島市獲日本議會宣告為「和平都市」。所以，廣島市
3287,監理會
3288,毒品
3289,韓國
3290,醫療健康
3291,1891米
3292,馬來西亞
3293,烏爾蘇拉
3294,92%
3295,李[UNK]
3296,西伯利亞平原
3297,物權法
3298,馬林諾夫斯基
3299,英國
3300,元太祖
3301,南蠻校尉
3302,消極的制度
3303,
3304,參考一籃子貨幣，匯率
3305,1971年
3306,1282年
3307,噴射戰機主要是爭取速度上的優勢
3308,通用漢文
3309,塔雷什山脈，是厄爾布爾士山脈的西北部分。小高加索山脈和亞美尼亞高原
3310,用來指揮小隊或中隊
3311,明朝
3312,動物脂肪
3313,幹線道路
3314,奈及利亞
3315,1955年
3316,8市83町村
3317,佛蘭德
3318,路易·菲利普國王
3319,我們說相聲
3320,1913年
3321,1965年
3322,鐵
3323,伊斯蘭教法
3324,9世紀
3325,特別警察部隊
3326,蒙疆聯合自治政府
3327,獅子外型
3328,宋高宗
3329,威武陳元帥廟
3330,美元
3331,電漿體。在經歷非常漫長的時間之後，白矮星最後會暗淡至成為黑矮星
3332,獅子派
3333,乾隆皇帝
3334,功利主義
3335,1998年
3336,西班牙
3337,朝鮮勞動黨中央軍事委員會、國防委員會、最高人民會議常任委員會決定，授予朝鮮人民軍
3338,成吉思汗時代
3339,其政體並未完全掌控社會經濟
3340,地中海
3341,1897年
3342,1980年5月4日
3343,朝鮮勞動黨的一次代表大會
3344,君士坦丁八世
3345,空氣汙染
3346,1949年
3347,岳飛
3348,劉牢之
3349,105
3350,佐世保漢堡
3351,五分之四
3352,上海江浙人
3353,民族主義復活
3354,德國
3355,現代漢語
3356,集安
3357,1970年
3358,化合價
3359,李·亞科卡
3360,五年
3361,瓜拿納樹
3362,特瓦族
3363,內層的漿膜心包和外層
3364,低溫時凝固成為固體，氦是唯一的例外，常壓下在絕對零度
3365,遺傳物質
3366,進出口貿易
3367,海什木
3368,2006年
3369,白[UNK]紀中期
3370,新化學合成法
3371,克勞德夏農
3372,印度國民軍
3373,1932年
3374,人口較南方多出許多
3375,1964年
3376,通俗科幻小說雜誌
3377,法語
3378,政治主張
3379,兩岸經濟合作架構協議
3380,合肥市政府
3381,理查特里維西克
3382,一線天目前仍屬重要軍事基地
3383,彌爾
3384,《續資治通鑑長編》卷323宋元豐五年二月己巳條
3385,幽默
3386,普洱市
3387,
3388,美國
3389,對於旅客的換乘和貨物運輸十分不利
3390,英國的韋林花園都市。無論如何，這些都市只具有非常小
3391,1961年
3392,計劃經濟體制
3393,英國
3394,
3395,模特兒
3396,1284年
3397,民國27年
3398,羅馬轉寫
3399,314.23萬
3400,2005年3月20日
3401,
3402,路易十四
3403,喬治•赫伯特•沃克•布希
3404,1936年
3405,繼續吞併全印度
3406,伊利諾州
3407,公元前240年
3408,漢諾瓦的萊布尼茨圖書館珍藏著大約15000封萊布尼茨的親筆信件。這些信件2007年被列入了世界記憶遺產名錄。漢諾瓦
3409,性犯罪
3410,沖積作用
3411,田興水
3412,第二代
3413,黃大仙區
3414,文武皇帝
3415,1888年
3416,巴西爾二世
3417,元世祖至元十七年
3418,鋼鐵
3419,德川家康
3420,哈大客運專線
3421,中國民間藝術之鄉
3422,佛教
3423,恰克圖條約
3424,河川地下游則多有航行之利
3425,「1月6日獨裁
3426,聖凱薩琳教堂
3427,
3428,協助自殺
3429,東漢
3430,美國[UNK]電視台
3431,1985年
3432,7980年
3433,1991年
3434,11世紀
3435,郭松齡
3436,1931年
3437,歐
3438,中國國民黨政治
3439,天皇
3440,2014年
3441,抽鄉
3442,農村經濟建設
3443,十億位元組以上
3444,飛機
3445,1976年
3446,中國人
3447,15個
3448,宋公
3449,希洛分基地
3450,漢地大都
3451,袁世凱
3452,景星殿；殿南兩側建築，東為藻韻樓，西為綺思樓。藻韻樓之東有補桐書屋和隨安室，乾隆時為書房，東北為待月軒和鏡光亭。綺思樓向西為長春書屋
3453,雨果
3454,鄧小平
3455,擇偶條件變得非常高，很多香港本土非逃港者的男性不少亦達不到香港女性非常高的擇偶條件
3456,克拉科夫
3457,民國4年12月25日
3458,西部片：《無敵連環槍》、《怒河》、《血泊飛車》、《遠鄉》、《聖戰家園蛇江》，在當時及現在的美國，都是膾炙人口的西部片
3459,雜交帶
3460,2000年代初期
3461,《魔戒》
3462,1958年
3463,儒家思想
3464,1954年
3465,12架
3466,廣西廣府人
3467,1897年
3468,中華人民共和國
3469,1992年
3470,元弘之亂
3471,完成了內部自治的體制
3472,倭王權
3473,中環
3474,1991年
3475,約瑟夫
3476,大部分的時間都在國外生活
3477,正拍擊球
3478,大爆炸理論
3479,新南威爾斯學校
3480,良好行為
3481,造田興水
3482,中華人民共和國
3483,朱棣
3484,49
3485,軍隊士兵主要由穆斯林和印度教徒構成
3486,亞俄
3487,東漢
3488,1941年
3489,生命線類
3490,機場快線
3491,薩爾布呂肯地區
3492,明代醫學家吳有性的溫病學派著作《瘟疫論》，為中國最早有關傳染病研究
3493,歐洲
3494,古坡詩語
3495,威廉瓊斯
3496,出現在網魚他的書語的書寫證據之後的幾個世紀
3497,1974年
3498,馬祖列島
3499,交通部觀光局
3500,2000年
3501,燈塔
3502,燈塔
3503,緊急運輸
3504,兩小時
3505,
3506,馬祖福
3507,連江縣政府
3508,元宵節
3509,重陽節
3510,每年農曆九月初九重陽節
3511,馬住
3512,芙蓉酥
3513,
3514,觀光
3515,照明
3516,平原地形
3517,235歲
3518,網球
3519,體育運動
3520,網球
3521,主裁判
3522,主裁判
3523,主裁判
3524,大滿貫
3525,國家
3526,大滿貫
3527,西方式握拍
3528,西方式握拍
3529,半西方式握拍
3530,
3531,手掌
3532,下旋球
3533,讓對手來不及反應
3534,職業網球巡迴賽
3535,紅土
3536,一局比賽結束之後
3537,平局
3538,裁判應當和頭爆出本局比賽的比分
3539,四年
3540,2014年
3541,2014年
3542,27.828
3543,新北市
3544,新北市
3545,板橋車站
3546,板橋車站
3547,
3548,公共自行車租賃系統
3549,淡水
3550,新北市
3551,42.00[UNK]
3552,海洋音樂季是以芙蓉海水浴場
3553,新北市政府文化局
3554,2007年10月1日
3555,東北，北部，西北部君臨海，海岸線長達，120餘公里
3556,西北部
3557,新北市
3558,1/16
3559,
3560,琳娜
3561,基督教藝術
3562,耶穌基督
3563,le跟
3564,雅各
3565,約翰文書，爲約翰福音
3566,
3567,語言學
3568,約翰形狀很其他使徒行傳，他們很明顯的是一段虛構。所以他們甚至不會被放在被拒絕的著作目錄
3569,馬利亞
3570,
3571,聯邦制
3572,
3573,1997年
3574,2001年3月
3575,城市的地價
3576,今天
3577,防禦敵方清洗
3578,城市規劃
3579,空間規劃核心是土地的合理利用，中國的第一部現代城市規劃法，頒佈於民國時期，現在依然在臺灣地區
3580,韓修建性詳細規劃
3581,美軍基地
3582,郵件會先送到美國本土
3583,安東尼奧王牌特工第機場爲關島門戶。官道與美國本土間未有直飛航班，直飛智能到夏威夷檀香山
3584,規模有限
3585,安東尼奧王牌特工第機場
3586,2012年9月
3587,降落時撞擊米之三
3588,關島
3589,安納塔漢島
3590,安納塔漢島
3591,丘陵
3592,c
3593,東方
3594,混凝土結構
3595,哈爾斯山脈
3596,第三天
3597,聯邦德國總理
3598,糙米
3599,速食米
3600,儲蓄帶
3601,質量是太陽數倍的黃金，有着深入紅星內部的對流程，而非涉嫌在外面。較小的恆星像太陽
3602,白[UNK]紀
3603,三點系滅絕事件，結束於白[UNK]紀第三紀滅絕事件
3604,盤古大陸內部
3605,知識碳系晚期
3606,白[UNK]紀
3607,費力組織
3608,非營利組織
3609,非營利組織
3610,會員大會
3611,
3612,局部模特兒
3613,宣傳模特兒
3614,貴族
3615,音質貴族系統
3616,政客
3617,政治家
3618,政客
3619,617事件
3620,13日
3621,1961年10月
3622,年輕人
3623,1963年
3624,布拉格之春中就能通過華約將，捷克斯洛伐克走，改革扼殺在萌芽狀態。我想吃東北那邊，希望對社會主義進行更多的改革
3625,1971年4月10日
3626,1971年4月10日
3627,44年
3628,1989年
3629,第一條
3630,
3631,1949年
3632,1961年
3633,統一社會黨掌握，其對各崗位的幹部選拔政策，也具有重要的。其他政黨，或統一社會黨
3634,經濟體
3635,500席
3636,布拉格之春
3637,十佳心理折磨
3638,移民
3639,1990年
3640,蘇聯
3641,統一社會黨
3642,500元
3643,1985年
3644,社會主義
3645,劇院
3646,劇院
3647,1957年
3648,1888年
3649,人文學科
3650,天主教會和部分詛咒，拒絕與東德政權合作，並不認同馬克思主義學說，主教通常被食堂吸菸，密切監視。1945年，年後天主教
3651,1945年
3652,馬克思主義
3653,蘇聯
3654,司法，經濟
3655,金龍山
3656,釜山
3657,溫帶落葉闊葉林
3658,植被以溫帶落葉闊葉林
3659,大韓
3660,第二
3661,石油
3662,韓國
3663,韓國
3664,美國，日本
3665,2007年5月
3666,韓國科學技術研究院
3667,韓國
3668,蘇聯
3669,蘇聯
3670,儒教
3671,甲午戰爭
3672,韓國
3673,天地有形風水
3674,天地有形風水
3675,三國時期
3676,民間口頭傳說
3677,日本無條件投降
3678,韓國電影
3679,韓國實現民主化
3680,2000年
3681,2000年
3682,
3683,豬肉
3684,韓國
3685,乳全身益生菌
3686,韓國人在不同的季節也是用不同的泡菜。由於韓國
3687,韓式筷子
3688,韓國燒酒
3689,2790060
3690,2790060
3691,多倫多
3692,4月中旬
3693,27:3
3694,2038小時
3695,多倫多皮爾遜國際機場
3696,多倫多皮爾遜國際機場坐落多倫多市海面，西沙加市之間，是加拿大去，最繁忙的機場。此外，坐落於多倫多全島的比喻b小虎都很多次機場，也提供有限度的民航服務。安大略省有數條省級高速公路貫穿多倫多市，包括，400號省道，401號省道，404號省道，409號省道，427號，省道漢，伊利沙伯往後倒。當中401號省道
3697,多倫多足球俱樂部
3698,多倫多足球俱樂部
3699,多倫多證券交易所
3700,多倫多
3701,多倫多證券交易所是世界第七大交易所，總部設於室內，有多數在那大公司在這裏上市。多倫多的國際性人口體現出他是前往加拿大移民的重要落腳點。而市內49%的人口是在加拿大
3702,1787年
3703,建立了一個要塞
3704,1787年
3705,1793年
3706,1793年
3707,1834年3月6日
3708,鐵路
3709,1954年
3710,
3711,1107萬平方公里
3712,清末
3713,甲午戰爭
3714,乾隆年間
3715,副都統
3716,光緒末年
3717,理藩院
3718,谷歌部落
3719,西藏
3720,住宅與達木的大蒙古八旗美琪攝一族領不設總管
3721,高句麗
3722,公孫度
3723,公孫度
3724,麗軍
3725,司馬懿面公孫淵
3726,楊廣
3727,
3728,唐太宗李世民
3729,唐漢新羅一直沒能擠滅高句麗
3730,蒼巖山城
3731,668年春夏
3732,渤海國
3733,渤海國
3734,新羅
3735,體積顏色
3736,熱力學
3737,事物運動
3738,機構
3739,財經
3740,負面情況
3741,紫色絲病非常接近民居
3742,比爾蓋茨
3743,比爾蓋茨
3744,每週功課
3745,秋季學期
3746,瑪格麗特
3747,224名
3748,物理學
3749,總統科技顧問委員會
3750,47位
3751,伊拉克部長理事會
3752,路易斯委員會
3753,人文
3754,1949年
3755,人文藝術與社會科學院
3756,
3757,美術博物館
3758,65萬人
3759,法蘭西人
3760,19世紀
3761,第二次世界大戰
3762,旅遊業
3763,第二
3764,萊茵河航運中央委員會
3765,萊茵河航運中央委員會
3766,羅馬人
3767,杜伊斯堡
3768,神聖羅馬帝國
3769,路德會大學
3770,馬賽曲
3771,19世紀
3772,德意志帝國
3773,高亭
3774,歐洲文藝復興
3775,音樂家
3776,1650年
3777,後現代主義
3778,政治哲學
3779,城市漢國家
3780,孔子孟子
3781,基督教思想
3782,托馬斯阿奎那
3783,蘇聯時期
3784,電力
3785,四川省
3786,成都平原
3787,峨眉山
3788,清朝
3789,
3790,中世紀
3791,挪威國王哈康五世
3792,1610年
3793,黑死病
3794,挪威
3795,1814年
3796,工業化進程，則爲其提供了強勁的動力。在19世紀這裏是這樣，你丫快速擴張，許多新的公共建築開始建造，包括25完工，挪威國會大廈
3797,克里斯蒂安尼亞
3798,1854年
3799,克里斯蒂安尼亞
3800,商朝時期
3801,商朝時期
3802,郡縣制
3803,琅琊國
3804,布爾什維克民兵
3805,1918年9月6日，布爾什維克民兵在共和國革命軍事委員會主席，托洛斯基喊紅軍總司令，約阿基姆，我採集師的命令下得到加強。不久，托洛茨基建立了格魯烏，以爲紅軍指戰員提供政治，漢軍是情報。托洛茨基以最初的刺蝟，對組織自衛隊，民兵組織的核心兵力，汗祕密警察氣卡創立了紅軍，1918年6月
3806,總司令，約阿基姆，我採集師的命令下得到加強。不久，托洛茨基建立了格魯烏，以爲紅軍指戰員
3807,扣留家屬爲人質
3808,芬蘭
3809,莫斯科和平協定
3810,蘇聯漢芬蘭
3811,德意志國防軍
3812,蘇聯政府
3813,德意志國防軍
3814,近衛頭銜
3815,機動兵力
3816,三個月
3817,解放軍
3818,小金門國軍駐軍號及廈門市教黃厝村塔頭社
3819,美國第七艦隊
3820,蔡英文
3821,國務院臺辦發言人
3822,1912年
3823,中華民國
3824,國共內戰
3825,共產黨員在國民黨
3826,中華民國
3827,1930年
3828,
3829,1945年
3830,渡江戰役
3831,1955年
3832,廣州
3833,陳炯明
3834,北伐必敗論
3835,盧溝橋事變
3836,棗莊
3837,中共
3838,香港天文臺
3839,
3840,1985年
3841,烏拉圭世界盃
3842,瑞典
3843,1958年
3844,1958年
3845,巴西
3846,4:3
3847,1998年
3848,倫敦奧運
3849,2014年世界盃
3850,第二波新政
3851,民主黨
3852,7月
3853,德懷特艾森豪將軍
3854,豬灣入侵
3855,美國
3856,大社會法案
3857,非裔美國人
3858,新政聯盟
3859,埃莉諾羅斯福
3860,埃莉諾羅斯福
3861,冰波特哈佛
3862,黑人
3863,能源部
3864,通信
3865,維吉尼亞州
3866,白人男性
3867,共和黨革命效應
3868,加拿大漢墨西哥
3869,政治醜聞
3870,南方
3871,凡爾賽條約
3872,
3873,歐洲理事會議會大會
3874,第11次
3875,2010年
3876,潘基文
3877,2010年9月
3878,亞美尼亞
3879,2010年
3880,菜豆
3881,礦泉
3882,1100公尺
3883,新美天津大理石
3884,1923年
3885,亞塞拜然
3886,蘇聯
3887,亞塞拜然人，村落周界被重畫。從化後的行政區，確保亞美尼亞人能夠過半數。1987年8月，卡拉巴赫
3888,赫哲族
3889,唐代
3890,唐玄宗
3891,1284年
3892,努兒乾地方
3893,元朝在努兒乾地方設置東征元帥府，隨後隸屬遼陽等處行中書省，強化對黑龍江下游及庫頁島等地的管理。1308年癸，爲向元朝降服，並每年繳納毛皮碎，一海東青少，水奈及海豹皮等爲共線。1368年元朝
3894,二妹公司
3895,江戶幕府
3896,嘉禾二年
3897,公孫淵
3898,公孫淵
3899,44
3900,梅雨時期
3901,2010年
3902,九州旅客鐵道
3903,舊石器時代
3904,雙流股份是長崎縣最大的前方後圓墳
3905,祈禱的元知識
3906,雲山之石墓羣
3907,
3908,葡萄牙人
3909,斯洛文尼亞
3910,斯洛維尼亞
3911,斯洛文尼亞
3912,克羅埃西亞主義
3913,1992年
3914,馬其頓共和國
3915,南斯拉夫反法西斯人民解放委員會
3916,1945年
3917,2月
3918,中央委員會
3919,沙文主義
3920,會主義體制
3921,1980年
3922,失業率
3923,分配地方權力
3924,遺傳物質技術
3925,分子複製技術
3926,基因工程
3927,1973年
3928,基因工程
3929,醫學
3930,凝血因子疫苗
3931,小鼠雜交瘤
3932,刪除可以傳材料和將生物體外直接製備的dna，賄賂數組
3933,重組[UNK]酸技術
3934,基因轉殖生物
3935,同源基因
3936,加拿大
3937,美國憲法
3938,17歲
3939,美國綠卡
3940,國家安全會議
3941,美國國土安全部
3942,水泥
3943,
3944,天南
3945,羅馬人
3946,水泥骨料
3947,孔明車
3948,臺灣
3949,45公里每小時
3950,亞當斯密
3951,赤字之本
3952,祈福列車
3953,中國大陸
3954,最安全
3955,丁磊
3956,出售郵件系統軟體授權
3957,163.com
3958,夢幻西遊
3959,1998年
3960,分析通訊系統
3961,發信機頻道
3962,精神障礙
3963,躁鬱症
3964,精神障礙
3965,烈酒使用，而不是用全部酒精使用有關。在其一生中，某個時間點成接受酗酒治療的人員，2.2~3.4%的人死於自殺。有自殺企圖的酗酒者，通常是男性，年紀較大，過去並企圖自殺。百分之三至三十五八，使用海洛因的死亡個案事實與自殺。古柯鹼
3966,精神障礙
3967,華北地區
3968,徵兵制以及什麼制度取代以前北府的世兵制
3969,泰晤士報
3970,泰晤士報
3971,
3972,保守黨
3973,米蘭
3974,476年
3975,登錄碼
3976,阿瓦爾人
3977,君士坦丁堡
3978,廣州
3979,神話人物黃帝
3980,宋教仁
3981,亞熱帶季風氣候
3982,1982
3983,行政院各部會
3984,黃大勇
3985,黃大勇
3986,水利之功
3987,嘉義市
3988,應選名額49名不等。1989年最後一屆中俄立委
3989,張之洞
3990,1890年
3991,武漢水利電力大學
3992,法國
3993,2013年
3994,威廉吉爾伯特
3995,伊麗莎白一世
3996,班傑明富蘭克林
3997,富蘭克林，做了一個古今聞名的風箏實驗，她與兒子在雷雨中放風箏，將空中的閃電吸引過來，在風箏線另一端捆綁的一支金屬鑰匙與富蘭克林的手之間，產生一系列的電話，他同時感受到馬澗的滋味，這證實了閃電是電的一種現象。富蘭克林
3998,琥珀摩擦實驗
3999,熱能
4000,法拉利找錢，發明的同級發電機
4001,琥珀摩擦實驗
4002,纖維性抽搐
4003,
4004,藝術片?[SEP]獎的提名，分別是1938年在換1969年的焦點新聞，1972年的大姨媽，1973年的哭泣而已，1995年的郵差，1998年的美麗人生，2000年的古城龍，2006年的，來自硫磺島的信和兩千零一二年的愛
4005,九
4006,美國電影藝術與科學學院
4007,普勞圖斯
4008,大文豪
4009,米蘭德
4010,20世紀之前
4011,七天三小時
4012,距離比較遠
4013,七天三小時
4014,公元前3500年到公元前1000年
4015,恆河流域
4016,河流
4017,恆河流域
4018,美國電影藝術與科學學院
4019,奧斯卡金像獎
4020,加州洛杉磯
4021,瑪格麗特喝力克女士
4022,奧斯卡
4023,審委員
4024,1939年
4025,盛業大廈大學
4026,東營廈門大學
4027,教師教學質量不好
4028,戊戌變法是木
4029,梁啓超
4030,徐才厚
4031,徐才厚
4032,蘇聯
4033,四國和邦
4034,李提摩太
4035,義和拳
4036,歐美日列強
4037,2007年
4038,21196.18公里
4039,春秋戰國時代
4040,漢
4041,蒙古境內戈壁沙漠
4042,漢代
4043,上登
4044,契丹
4045,明朝
4046,點燃煙火
4047,長城
4048,中英煙臺條約
4049,中英煙臺條約，其中規定英國可向重慶派駐領事。1890年3月31日，中英簽訂新訂煙臺條約
4050,泰語中區人民公園
4051,重慶
4052,重慶主城區
4053,中華民國
4054,重慶
4055,火災演習
4056,重慶
4057,重慶的成渝鐵路
4058,兵工廠
4059,沙坪壩公園
4060,重慶
4061,重慶
4062,[UNK]子葉
4063,第七
4064,工業
4065,富士康產業基地
4066,馬關條約
4067,民用車輛
4068,主戰坦克
4069,高爆反坦克彈
4070,較薄
4071,林鴻銘
4072,陳水扁
4073,2005年
4074,巡撫
4075,中國共產黨
4076,香港總督
4077,1895年
4078,美國聯邦最高法院
4079,反對同性婚姻的人大
4080,摩梭人
4081,1995年
4082,單身收養制度
4083,400萬
4084,社會福利保障
4085,騰訊會員
4086,荷蘭
4087,荷蘭
4088,21個
4089,1884年
4090,德國
4091,1939年
4092,1929年
4093,賓夕法尼亞州
4094,太空遊客
4095,60歲
4096,將軍
4097,英國
4098,1989年
4099,波蘭
4100,綠島
4101,汽油，慮到唯一的加油站位於南橋村，營業時間爲早上8點到下午5點，請注意晚上不營業一遊的遊客旅客需注意。早上交通安全顧客錢，自行車
4102,政府。所以你要支持立法，賦予大學畢業生更多投票權，因爲他們才更適合來判斷什麼是有益於社會
4103,蠢人
4104,《論自由》
4105,19世紀
4106,大般若經
4107,玄奘法師
4108,唐朝
4109,東吳大學
4110,2012年
4111,可以
4112,閩南語讀音
4113,1945年
4114,1959年
4115,1942年
4116,1944年
4117,1942年
4118,美國電影學會
4119,1985年
4120,1946年
4121,1948年
4122,大白兔
4123,優秀西部片
4124,1945年
4125,電視雜誌電視指南
4126,1945年
4127,2008年
4128,加州大學洛杉磯分校
4129,求婚
4130,1949年
4131,基督教長老教會的美德教養他，使他覺得自己實在不像在比佛利山莊
4132,祁漢吉米史都華
4133,政治
4134,1939年
4135,上流社會
4136,豐臣秀吉
4137,1592年
4138,岩石圈
4139,岩漿冷卻凝固
4140,太平洋
4141,一個月
4142,血壓持續過高
4143,心臟病
4144,生產地
4145,英國
4146,日本
4147,1984年
4148,2008年
4149,阿伊努人
4150,德川幕府
4151,1868年
4152,1869年
4153,
4154,釣魚臺島
4155,山羊
4156,歐盟蛇
4157,釣魚臺主權
4158,15世紀
4159,1918年
4160,1918年
4161,釣魚臺
4162,航路標誌法
4163,1月14日
4164,1857年
4165,巴麥尊
4166,巴麥尊
4167,1858年
4168,6月13日
4169,2011年
4170,美國地質調查局
4171,東芝
4172,業績不佳，財報造假而面臨倒閉風險。2015年7月爆發，涉及高達16億美元的會計造假案件，主要爲來自晶片及半導體部門的虛假營銷
4173,1984年
4174,2006年
4175,第二次世界大戰
4176,公元372年
4177,北魏藝術風格
4178,印度佛教文化
4179,巴厘島
4180,充滿印度文化色彩
4181,
4182,12世紀
4183,水墨畫
4184,漢明帝
4185,希臘
4186,南北朝時期
4187,抽象性表達方法。這種風格被認爲是十分鐘演的。最初北魏風格
4188,唐代
4189,莫高窟
4190,莫高窟
4191,約翰克希爾
4192,1826年
4193,君主制
4194,波斯尼亞，很黑，塞哥維那，塞爾維亞，黑山，馬其頓共和國
4195,激進黨
4196,政治原因被監禁
4197,1925
4198,拉丁文
4199,倭寇
4200,清同治年間
4201,清同治年間
4202,愛情萬歲
4203,候鳥
4204,2001年
4205,義工隊
4206,1790年
4207,
4208,貝爾福地區
4209,1939年期間
4210,皇家自由醫院
4211,皇家自由醫院
4212,1906年
4213,
4214,理事會
4215,理事會
4216,中國民主建國會
4217,文化教育界高級人士
4218,文化教育界高級人士
4219,宋慶齡
4220,1945年
4221,國際聯盟
4222,58個
4223,凡爾賽條約
4224,1960年
4225,1960年
4226,外圍賽
4227,歐洲足球錦標賽
4228,西班牙
4229,抽籤
4230,1927年
4231,
4232,法國
4233,捷克斯洛伐克
4234,地區性國際政治組織
4235,非洲
4236,內蒙古自治區
4237,關內
4238,朝陽市
4239,四個
4240,
4241,皇家陸軍，皇家海軍，皇家空軍，看皇家憲兵隊四個軍種組成。全軍最高統帥爲荷蘭君主，國防部領導人爲國防大臣，三軍司令由現役四星上將者出任，陸海空各軍種，指揮官稱作司令，各有一名三星中將擔任。荷蘭軍隊在過去是採用徵兵制
4242,波斯灣東南岸
4243,1960年代
4244,西方商業模式
4245,英國
4246,1820年
4247,英國
4248,1966年
4249,1968年
4250,2006年
4251,2006
4252,皇家法律
4253,142個
4254,綠線
4255,1947年
4256,非裔美國人一般也只後來移民到美國的非洲人。部分非裔
4257,1960年
4258,法律制裁
4259,共和末期
4260,羅馬公民權
4261,奧古斯都
4262,薪水
4263,百夫長
4264,河南
4265,2002年
4266,黃河鐵路公路大橋
4267,1952年
4268,南國農蕭樹滋
4269,蕭樹滋
4270,蕭樹滋
4271,蕭樹滋
4272,[UNK]包
4273,[UNK]包
4274,[UNK]包
4275,重慶市璧林，東與湖南省，湘西州，懷化市
4276,丘陵
4277,岩溶山水地貌
4278,
4279,磚石
4280,邊防系統
4281,柏林圍牆
4282,四個
4283,1949年
4284,1949年
4285,1961年
4286,烏利希
4287,客座教授
4288,肝癌
4289,1978年
4290,1978年時，他最初。在外交事務方面，雖然卡特標謗的國際人權得到各方重視，他的主要成就卻是更爲實際，記得忍耐外交。1977年
4291,1978年
4292,國際奧委會第48屆年會
4293,中華人民共和國代表團
4294,宋美齡
4295,分離主義
4296,李烈鈞
4297,人家軍事委員會
4298,人家軍事委員會
4299,肝臟
4300,中樞神經系統興奮劑
4301,麥角胺
4302,英國
4303,1711年
4304,西班牙
4305,中國鐵道部
4306,文化大革命
4307,漢韻盈
4308,人民日報
4309,香港站
4310,2012年
4311,博覽館站
4312,九龍站爲d李村站，青衣站及機場站爲炸公車站，嗯，博覽館站爲地面車站。香港站及九龍站
4313,漢江
4314,南鎮
4315,天然分水嶺
4316,工具書
4317,私立研究型大學
4318,冰大
4319,穆爾電子工程學院
4320,第四
4321,唐朝
4322,劍橋大學
4323,92英畝
4324,濱州大學獸醫學院
4325,雨水
4326,露點溫度觀察
4327,克里米亞半島
4328,克里米亞半島
4329,1920年
4330,1997年
4331,俄羅斯聯邦
4332,共和國元首
4333,第二次世界大戰
4334,中南海
4335,明代
4336,中南海
4337,
4338,袁世凱
4339,袁世凱
4340,新華門
4341,新華門
4342,2014年
4343,彰化市
4344,2014年
4345,平原區
4346,1959年
4347,
4348,彰化縣人口最多的行政區，一位全國人口最多的縣轄市也有234000多人，同時也是全國人口第三祕籍的現象是，僅次於新竹縣竹北市級花蓮縣，花蓮市
4349,四年
4350,市政會議
4351,加入歐盟
4352,基督教
4353,1386年
4354,723公里
4355,北高加索
4356,723公里，這條邊界在俄國方面，很多部分屬於北高加索聯邦區，依次是由西至東分別爲，克拉斯諾達爾聯邦區
4357,俄羅斯
4358,農業
4359,計劃經濟
4360,2006年
4361,拜占庭的競爭越來越多。在9-10世紀，在曹氏養生國，各地支持使用本國文字，特別是文學
4362,關東地震
4363,1925年1月12日
4364,1925年
4365,九龍寨城
4366,九龍戰神
4367,1998年
4368,九龍城區
4369,經濟拮据
4370,1917年
4371,一個月
4372,保定軍官學校
4373,1934年
4374,程程真
4375,程程真
4376,廣州行營
4377,卡斯蒂利亞王國聯盟之後，卡斯蒂利亞慢慢取代了拉丁語
4378,83.4%
4379,黃河
4380,山地
4381,
4382,修水縣
4383,49.2%
4384,3.92萬畝
4385,3.92萬畝
4386,喜馬拉雅山
4387,6656米
4388,唐古拉山脈
4389,庚子賠款
4390,諾伊大學
4391,1943年
4392,1899年
4393,滅絕
4394,人類
4395,
4396,社會主義市場經濟體制
4397,金正恩
4398,2009年
4399,金正恩
4400,第149位
4401,卡蓋拉河
4402,2006年
4403,水力發電
4404,農村
4405,1974年
4406,歌舞
4407,聯合國
4408,圖西族
4409,君主制
4410,特瓦族
4411,1999年
4412,經濟
4413,2010年
4414,cctv移動傳媒
4415,1988年
4416,2009年元宵節
4417,文化人做的主要批判點是，傳統上會將消費者視爲是被動的。有些人挑戰這種觀點，並且特彆強調，人們會用不同的方式來閱讀，接收與詮釋文化文本。一個消費者
4418,消費者
4419,文本
4420,58勝24負
4421,紐約尼克
4422,拉瑞博德
4423,2003年
4424,61勝21負
4425,2004年
4426,上清真人
4427,道士
4428,公關裏面
4429,道士
4430,英國
4431,約翰羅納德魯埃爾托爾金
4432,心靈的腐蝕力量
4433,芬蘭民族
4434,1968年
4435,1968年
4436,1815年
4437,1934年
4438,風光
4439,人權狀況
4440,20世紀
4441,清末民初
4442,王怡
4443,戶籍制度
4444,勞動保障
4445,六四事件
4446,外交部發言人
4447,中華人民共和國外交部發言人
4448,中華人民共和國外交部發言人
4449,中國
4450,立法規劃
4451,藏書
4452,蔣中正
4453,畜牧業
4454,產品出現了剩餘
4455,解體
4456,19世紀
4457,拿破崙
4458,清發程度
4459,1857年
4460,1858年
4461,
4462,1870年
4463,德意志帝國
4464,1873年
4465,選舉法
4466,實權
4467,限制了普選權
4468,中華人民共和國
4469,2000年
4470,戰國時期
4471,下午酷暑，冬無嚴寒，雨量充沛，空氣清新，氣候宜人。歷年最冷月平均氣溫4.6度c，最熱月
4472,都江堰市以世界著名古代水利工程都江堰而得名，見於戰國時期的獨角燕，歷經2000多年風雨，人發揮着越來越巨大的作用，千年五八股諺堪稱人與自然和諧統一。都江堰市有帶水都江堰問道青城山之美傳。是進西部的青城山，是道教
4473,加拿大
4474,問你伯
4475,溫尼伯湖
4476,冰河時期
4477,製造箭頭
4478,1611年
4479,蘇維埃俄國政府
4480,2003年
4481,航空運輸
4482,空鐵聯運
4483,航空運輸
4484,2395平方公里
4485,鶴慶縣
4486,可用較標準蛋，更高威力的蛋形
4487,衝鋒槍
4488,卡賓槍
4489,可以
4490,德國
4491,第一次世界大戰
4492,德國
4493,英國
4494,1960年
4495,陝西省
4496,秦嶺
4497,陝西省中南部
4498,副熱帶季風氣候
4499,常綠闊葉木本植物
4500,秦嶺
4501,大正年間
4502,第一次世界大戰
4503,第一次世界大戰
4504,日治時期
4505,1927年
4506,中日戰爭
4507,中日戰爭
4508,修改日美安保條約
4509,日美安保條約
4510,健康
4511,田中角榮
4512,大屏壓倒性擊敗福田，福田宣佈退選。大平組閣
4513,由於一連串的醜聞
4514,非主流派
4515,平成時代
4516,隋朝
4517,587年
4518,587年
4519,隋朝
4520,源平合戰
4521,1185年
4522,北條政子
4523,女媧
4524,
4525,女媳，是熟稱女媧娘娘。原爲中國傳說時代中的上古氏族首領，後成爲中國神話中的人類始祖。根據東漢文獻記載，女媧是伏羲的妹妹與配偶，人首蛇身
4526,物理化學
4527,統計力學
4528,2015
4529,德國美國
4530,德國美國
4531,1534年8月15日，羅耀拉沙勿略等七人在巴黎的蒙馬特高地，共同是發審片和貞潔的寺院，創立了耶蘇會，他們原本想前往耶路撒冷，但悲，棗莊寶路三是阻止。1540年
4532,葡萄牙人開闢的東方航海路線，前往印度中國，日本等地傳教。1549年8月15日，方濟各沙勿略
4533,方濟各沙勿略
4534,方濟各
4535,朱迪
4536,募集玄師
4537,河北戰事不利，方孝孺想出了反間計，利用朱高熾和朱高煦的矛盾
4538,七月初十
4539,保定
4540,朱莉
4541,千餘人
4542,近年之一時，朱莉得到了很多來自宦官的幫助
4543,
4544,
4545,中央軍
4546,朱莉
4547,潮州體育館
4548,籃球
4549,
4550,中國四大古橋
4551,2001年
4552,亞熱帶海洋性季風氣候
4553,李清
4554,潮州經濟與城市建設十分落後。自1998年李清上臺後，大力整改經濟規劃，大力發展經濟建設，加快城市建設。使得你親自下的潮州
4555,當時的潮州經濟與城市建設十分落後
4556,1995
4557,1995年
4558,1995年
4559,民族主義
4560,12億
4561,穆斯林
4562,賓夕法尼亞州
4563,皮之寶
4564,2006年
4565,p之寶鋼人隊
4566,灰石
4567,地理環境看，匹茲堡附近地區的煤礦石灰石，和鐵礦石蘊藏量豐富，加上內河港口的運輸便利，具有大規模發展鋼鐵工業的良好條件
4568,匹茲堡
4569,文藝復興
4570,瑞士近衛隊
4571,米開蘭，基羅
4572,意大利
4573,積極進攻戰術
4574,薩爾瓦託雷，基拉奇
4575,南海
4576,西沙羣島
4577,國共內戰
4578,日本
4579,日軍
4580,王世傑約見法國駐華大使
4581,中華民國政府退守臺灣，但中華民國政府並未放棄對西沙羣島的主權
4582,1950年
4583,便利商店
4584,60年
4585,效仿美國提供飲料食品與日用品
4586,阿斯頓公園球場
4587,阿斯頓維拉
4588,1987年
4589,兩年
4590,1993年
4591,1918
4592,嘉靖九年
4593,三
4594,祈年殿
4595,七星石
4596,哥倫比亞
4597,哥倫比亞
4598,1859年
4599,物種起源或物種源自全稱，論處在生存競爭中的，物種之起源，是達爾文論述生物演化
4600,住宅區
4601,1860
4602,香港結合製造廠有限公司
4603,13街
4604,2012年
4605,25個
4606,西奧多羅斯福
4607,岳飛
4608,周之偉
4609,完顏宗弼
4610,後勤
4611,不能
4612,
4613,水準測量
4614,冤屈與忠誠
4615,政治
4616,北京城
4617,6月4日
4618,2001年
4619,大興區
4620,河洛
4621,甲午戰爭
4622,臺灣西部
4623,馬關條約
4624,50年
4625,本省人
4626,1980年代
4627,1980年
4628,新竹科學工業園區，大力鼓勵，內外廠商投資，積體電路，電腦等扣高科技產業，臺灣中小企業也被電子產業的蓬勃發展所影響，此時臺灣個人的電腦主機板
4629,1996年
4630,李登輝
4631,李登輝
4632,多元文化主義
4633,葡萄牙語
4634,海拔高度
4635,針葉林，3500公尺以上的高山地帶則是，苔蘚或草原。不同種類森林所構成的環境，也是各種植物動物與真菌
4636,1972年
4637,烏山頭水庫
4638,1875
4639,戰略地位
4640,蔣經國時代
4641,爲擺脫石油危機
4642,1987年
4643,臺灣政黨
4644,日治時期
4645,21個
4646,中華人民共和國
4647,北京pa07克運動會
4648,中華民國纏上體育運動總會
4649,2009年
4650,臺灣文化基金會
4651,中華民國國際經濟合作協會
4652,1995年
4653,元宵節
4654,元宵節
4655,香火鼎盛
4656,清治時期
4657,口味
4658,臺灣零食
4659,英語
4660,1932年
4661,詞語不通
4662,蝴蝶蘭
4663,16世紀
4664,明朝
4665,27個
4666,日本文化
4667,二戰
4668,鄉土意識擡頭後，繪畫題材在區本土化
4669,中華隊
4670,臺灣
4671,巧固球
4672,法國
4673,礦工能及時逃走
4674,公共衛生問題
4675,飛機起降架次
4676,飛機起降架次不斷增長，鳥篆問題日益凸顯，據有關資料統計，全世界每年約有7500架次飛機，受到不同程度的鳥狀，損失，高達100億美元
4677,四川省
4678,萬佛
4679,粵語是漢語在廣東和廣西地區形成的方言，也是這一地區的通用語。又被稱爲廣東話，廣州話
4680,粵語
4681,中華人民共和國
4682,瑞士
4683,歐洲國家杯決賽周，共有12個城市被選爲比賽地點，其中主辦國瑞士及奧地利
4684,阿爾卑斯山脈
4685,意大利隊
4686,1948年
4687,德國
4688,德國
4689,英國
4690,英國
4691,混合動力技術
4692,國家郵政局
4693,1995年
4694,1995年
4695,220名
4696,1972年
4697,1972年
4698,田納西州
4699,1998年
4700,高爾
4701,2007年
4702,英國
4703,量子力學
4704,1999年
4705,1999年
4706,狄拉克
4707,佛羅里達
4708,迪拉克
4709,科本哈根
4710,電子正電子
4711,1930年
4712,不想出名
4713,認知花店磁場中的起點的文章中，第八課探討了吃蛋雞
4714,1937年
4715,婆羅門教主要教義之一，博羅門轎認爲四大種姓及建明於輪迴中，生生世世，永習不變。佛教在江山到擴展爲六道四生，佛教
4716,天道
4717,天道，主道受到。輪迴是婆羅門教主要教義之一，博羅門轎認爲四大種姓及建明於輪迴中，生生世世，永習不變。佛教在江山到擴展爲六道四生，佛教認爲輪迴是一個過程
4718,空間
4719,空間
4720,洋務運動
4721,馮桂芬
4722,穆斯林
4723,伊斯蘭教
4724,十字軍東征
4725,中國
4726,宗教激進主義
4727,科學革命
4728,1905年
4729,劉銘傳
4730,舊金山和約
4731,周恩來
4732,說，支持日本關于歸還領土的要求是中國的一貫政策
4733,中國大陸
4734,公元三世紀
4735,張一俊
4736,1992年
4737,俄羅斯聯邦沒有完全接替該國
4738,1992年
4739,1944年
4740,普京
4741,蘇聯
4742,哭泣
4743,兩歲時才能提高到1.0
4744,中毒
4745,經濟海域
4746,幾內亞
4747,幾內亞
4748,下議院
4749,五年
4750,蘇格蘭民兵法
4751,愛爾蘭
4752,
4753,亨利八世
4754,國內的貴族政治與神職人員影響重大
4755,行政院話由人民選舉
4756,行政院話
4757,宋代
4758,蘇菲派
4759,北高加索區
4760,一二八事變
4761,1932年
4762,日軍
4763,1983年
4764,1984年9月，上海是否確定工程指揮部是市政府的派出機構，全面負責車站施工。1986年
4765,上海市府鐵道部
4766,上海東站
4767,1984年
4768,華東建築設計院
4769,軟西候車入口
4770,
4771,福建籍
4772,28
4773,新加坡
4774,2004年
4775,購物區
4776,南陽敏
4777,香港
4778,香港是福建最大的外資來源地，佔到全部外資的一半以上，而密集人口只有一百多萬人，遠比近2000萬，臺灣敏及人口多，當中亦有不少，在這一帶以及北角之主。因爲香港
4779,測魚涌堂樓區
4780,
4781,北宋
4782,
4783,六七暴動後的香港運動
4784,1950年
4785,福州以及山東
4786,荃灣新市鎮
4787,流動性減低
4788,鹽田沙子
4789,九龍東
4790,廣東
4791,1945年
4792,由大陸移居
4793,
4794,中西區
4795,潮州人
4796,靠近英國公司，已和竹島的銅鑼灣東角碼頭，方便漢英國貿易
4797,漢英國
4798,郭春秧
4799,富豪
4800,福州人
4801,歐洲
4802,太平天國戰亂
4803,波蘭街
4804,太平天國戰亂涌入九龍，而來港的人口又以男性比例較多
4805,1970年
4806,色情行業
4807,北角寶馬山
4808,1980年代
4809,街上
4810,13%
4811,青龍教
4812,1057
4813,51286
4814,1161
4815,1954年
4816,中國人民解放軍空軍取得大成周邊的制空權
4817,臺灣
4818,金剛計劃
4819,蘇聯政府
4820,四天
4821,太平洋
4822,臺東市
4823,鯉魚山
4824,元軍仿遼
4825,1976年
4826,宋慶齡
4827,取決於擔任者在中國共產黨內的地位和職務
4828,1975年
4829,雅克考文
4830,新石器時代
4831,中國同盟會。留日河南籍學生踊躍參加，並建立同盟會河南支部，創板，河南等雜誌，宣傳，鼓吹民族民主革命
4832,民國18年
4833,民國18年
4834,民國34年
4835,漢路西南戰力
4836,日[UNK]軍
4837,湖北省
4838,高石碑鎮
4839,王守仁
4840,南京金陵。如果南京
4841,假宣傳
4842,
4843,南京兵部尚書，照舊參贊，機務兵，於嘉靖二年在紹興開服。明朝除了皇親國戚之外，無軍功
4844,正德16年
4845,高原
4846,扇貝狀的邊緣
4847,南極
4848,南極
4849,聯邦總理
4850,1871年德意志帝國建立後
4851,1871年
4852,互相制衡作用
4853,總統
4854,約翰洛克
4855,英國漢大多數大英國協，國家使用新品質的議會制，行政權和立法權有較大的聯繫，但是他權基本獨立。相較於三權分立，源於美國
4856,國民議會
4857,1974年
4858,受到1974年葡萄牙康乃馨革命影響
4859,孫中山
4860,考試監察
4861,2005年
4862,國防部
4863,12架
4864,中華人民共和國
4865,安徽省
4866,一處
4867,呂宋島
4868,美國工業工程師學會
4869,綜合應用數學
4870,產業工程
4871,工業工程是綜合應用數學
4872,南華早報
4873,1903年
4874,1903年
4875,北京政府
4876,普萊斯
4877,2006年
4878,電訊盈科
4879,不哥
4880,漢蒙漢大成的永利下雨
4881,漢法
4882,元世祖
4883,1668年
4884,沒收已解決朝廷的財政問題
4885,男人藏有大量財物，一沒收已解決朝廷的財政問題
4886,1260年
4887,元世祖
4888,1368年
4889,忽必烈召集用戶，自己的購入蒙古宗王在開平負，召開忽裏勒臺大會舉行，例行的大漢選舉儀式，宣佈及蒙古大汗位，視爲，薛禪汗汗文，史稱元世祖
4890,河南
4891,福建
4892,徹底掃除北元勢力
4893,1388年
4894,方理智
4895,中書省
4896,1260年
4897,1234年
4898,法國
4899,1316年
4900,馬可波羅遊記
4901,1217年
4902,漢軍
4903,官田漢四天兩種。官田
4904,自然災害
4905,自然災害
4906,畜牧業
4907,鳥寧靜
4908,黃道婆
4909,中原
4910,中原
4911,南宋
4912,元朝
4913,陳真將
4914,伊斯蘭教
4915,成吉思汗西征時，潛伏許多西域回教國家
4916,王羲之
4917,
4918,趙夢瑤
4919,元朝
4920,豪薩富拉尼約魯巴
4921,約魯巴
4922,
4923,熱帶地區，氣候潮溼。主要是熱帶草原氣候
4924,南非
4925,南京
4926,燕京大學
4927,中國協和醫學院
4928,美國及英國
4929,中華人民共和國政府
4930,2005年
4931,舊金山和約
4932,1980年
4933,中國大陸
4934,公共投資計劃
4935,2002年
4936,1981年
4937,家庭結構也隨之變化小
4938,1970年代
4939,中產階級
4940,1950年
4941,1950年代
4942,高雄市
4943,美麗島事件
4944,1999年
4945,19
4946,全球產業革命
4947,奧斯曼伊斯蘭政權
4948,阿姆利則慘案
4949,大英帝國
4950,後勤補給的中斷
4951,當代災荒觀察員
4952,白色抗爭
4953,1997年
4954,1960年代
4955,1960年代
4956,
